Workbook

Sheet Asset Register
A1: Asset Register — NIST CSF 2.0 ID.AM (source: 01-asset-inventory.md)
A2: Asset ID (AST-xxx) is the key referenced by the Protect / Detect sheets. Yellow cells are inputs. Rows up to AST-100 are pre-numbered for future additions.
A4: Asset ID | B4: Source ID | C4: Layer | D4: Category | E4: Asset Name | F4: Description | G4: C | H4: I | I4: A | J4: Priority | K4: Control / Owner | L4: Related Findings | M4: Notes
A5: AST-001 | B5: H-01 | C5: Hardware | D5: Device | E5: MacBook Air (M4) | F5: Primary laptop; holds all work and study files | G5: High | H5: High | I5: High | J5: Critical | K5: Self | L5: F4, F5
A6: AST-002 | B6: H-02 | C6: Hardware | D6: Device | E6: iPhone 14 | F6: Primary phone; 2FA device for most accounts; Apple Pay wallet | G6: High | H6: High | I6: High | J6: Critical | K6: Self | L6: F1, F2, F5
A7: AST-003 | B7: H-03 | C7: Hardware | D7: Device | E7: iPad | F7: Study device (note-taking, reading) | G7: Medium | H7: Medium | I7: Medium | J7: Medium | K7: Self | L7: F2, F5
A8: AST-004 | B8: H-04 | C8: Hardware | D8: Device | E8: eSIM profile | F8: Binds the phone number to the device; foundation of SMS-based 2FA | G8: High | H8: High | I8: High | J8: Critical | K8: Self | L8: F3
A9: AST-005 | B9: H-05 | C9: Hardware | D9: Network | E9: Home Wi-Fi network | F9: Landlord-provided; password shared with roommates; router admin access unknown | G9: Medium | H9: Low | I9: Medium | J9: High | K9: Third party | L9: F5
A10: AST-006 | B10: A-F01 | C10: Account | D10: Financial | E10: Primary US bank | F10: Checking and savings; main US banking | G10: High | H10: High | I10: High | J10: Critical | K10: Third party
A11: AST-007 | B11: A-F02 | C11: Account | D11: Financial | E11: International transfer service | F11: JP <-> US transfers; stores bank details in both countries | G11: High | H11: High | I11: High | J11: Critical | K11: Third party
A12: AST-008 | B12: A-F03 | C12: Account | D12: Financial | E12: Credit card portal (x1) | F12: US-issued credit card | G12: High | H12: High | I12: Medium | J12: Critical | K12: Third party
A13: AST-009 | B13: A-F04 | C13: Account | D13: Financial | E13: Debit card portals (x4) | F13: US-issued debit cards | G13: High | H13: High | I13: Medium | J13: High | K13: Third party
A14: AST-010 | B14: A-F05 | C14: Account | D14: Financial | E14: Apple Pay | F14: Holds all 5 payment cards; depends on a single iPhone | G14: High | H14: High | I14: Medium | J14: Critical | K14: Third party | L14: F1, F2
A15: AST-011 | B15: A-F06 | C15: Account | D15: Financial | E15: P2P payment app | F15: Linked to bank account | G15: Medium | H15: High | I15: Medium | J15: High | K15: Third party
A16: AST-012 | B16: A-F07 | C16: Account | D16: Financial | E16: Bank-integrated transfer service | F16: Direct bank-to-bank transfers | G16: Medium | H16: High | I16: Medium | J16: High | K16: Third party
A17: AST-013 | B17: A-I01 | C17: Account | D17: Identity & Email | E17: Gmail (primary) | F17: Password-reset destination for most services | G17: High | H17: High | I17: High | J17: Critical | K17: Third party
A18: AST-014 | B18: A-I02 | C18: Account | D18: Identity & Email | E18: Gmail (secondary) | F18: Purpose to be reviewed | G18: High | H18: High | I18: Medium | J18: High | K18: Third party
A19: AST-015 | B19: A-I03 | C19: Account | D19: Identity & Email | E19: College email | F19: Institution-issued; official academic communication | G19: High | H19: Medium | I19: High | J19: High | K19: Institution
A20: AST-016 | B20: A-I04 | C20: Account | D20: Identity & Email | E20: Outlook account | F20: Purpose to be reviewed | G20: Medium | H20: Medium | I20: Low | J20: Medium | K20: Third party
A21: AST-017 | B21: A-I05 | C21: Account | D21: Identity & Email | E21: Apple ID | F21: Controls iPhone, iPad, MacBook, iCloud, and Apple Pay | G21: High | H21: High | I21: High | J21: Critical | K21: Third party | L21: F1, F2
A22: AST-018 | B22: A-I06 | C22: Account | D22: Identity & Email | E22: Google Account | F22: Tied to primary Gmail; controls Drive, Photos, YouTube | G22: High | H22: High | I22: High | J22: Critical | K22: Third party
A23: AST-019 | B23: A-I07 | C23: Account | D23: Identity & Email | E23: Microsoft 365 (institution-provided) | F23: Managed by the college, not by me | G23: Medium | H23: Medium | I23: Medium | J23: Medium | K23: Institution
A24: AST-020 | B24: A-E01 | C24: Account | D24: Education & Learning | E24: College student portal | F24: Grades, enrollment, financial aid, transcripts | G24: High | H24: High | I24: High | J24: Critical | K24: Institution
A25: AST-021 | B25: A-E02 | C25: Account | D25: Education & Learning | E25: Learning management system | F25: Coursework and submissions | G25: Medium | H25: High | I25: High | J25: High | K25: Institution
A26: AST-022 | B26: A-E03 | C26: Account | D26: Education & Learning | E26: English proficiency test account | F26: Official test scores and score reporting | G26: Medium | H26: High | I26: Low | J26: Medium | K26: Third party
A27: AST-023 | B27: A-E04 | C27: Account | D27: Education & Learning | E27: Programming learning platform | F27: Beginner coding courses | G27: Low | H27: Low | I27: Low | J27: Low | K27: Third party
A28: AST-024 | B28: A-E05 | C28: Account | D28: Education & Learning | E28: TryHackMe | F28: Security learning progress | G28: Low | H28: Medium | I28: Low | J28: Low | K28: Third party
A29: AST-025 | B29: A-E06 | C29: Account | D29: Education & Learning | E29: Language learning app | F29: Casual practice | G29: Low | H29: Low | I29: Low | J29: Low | K29: Third party
A30: AST-026 | B30: A-E07 | C30: Account | D30: Education & Learning | E30: ChatGPT | F30: Conversation history may contain personal context | G30: Medium | H30: Low | I30: Low | J30: Medium | K30: Third party
A31: AST-027 | B31: A-E08 | C31: Account | D31: Education & Learning | E31: Claude | F31: Conversations include career strategy, resume drafts, project planning | G31: Medium | H31: Low | I31: Low | J31: Medium | K31: Third party
A32: AST-028 | B32: A-E09 | C32: Account | D32: Education & Learning | E32: Gemini | F32: Limited usage | G32: Low | H32: Low | I32: Low | J32: Low | K32: Third party
A33: AST-029 | B33: A-E10 | C33: Account | D33: Education & Learning | E33: Notion (account) | F33: Study notes; may contain career information | G33: High | H33: High | I33: Medium | J33: High | K33: Third party
... A46: AST-042 | B46: A-S06 | C46: Account | D46: Social Media | E46: YouTube | F46: Accessed through Google Account (A-I06) | G46: Low | H46: Low | I46: Low | J46: Low | K46: Third party
A47: AST-043 | B47: A-U01 | C47: Account | D47: Utilities & Life Services | E47: Mobile carrier account | F47: Controls the phone number -> SMS 2FA foundation; SIM-swap target | G47: High | H47: High | I47: High | J47: Critical | K47: Third party | L47: F1, F3
A48: AST-044 | B48: A-U02 | C48: Account | D48: Utilities & Life Services | E48: Student health insurance | F48: School-provided | G48: Medium | H48: Medium | I48: Low | J48: Medium | K48: Institution
A49: AST-045 | B49: A-X01 | C49: Account | D49: Entertainment & Shopping | E49: Amazon | F49: Purchase history, saved addresses, saved payment cards | G49: Medium | H49: Medium | I49: Low | J49: Medium | K49: Third party
A50: AST-046 | B50: D-L01 | C50: Data | D50: Local (MacBook) | E50: Job-hunting materials | F50: Resumes, application essays, motivation letters (multiple versions) | G50: High | H50: High | I50: Medium | J50: Critical | K50: Self
A51: AST-047 | B51: D-L02 | C51: Data | D51: Local (MacBook) | E51: Client project materials | F51: Proposal and prototype code for an external project | G51: High | H51: Medium | I51: Low | J51: High | K51: Self
A52: AST-048 | B52: D-L03 | C52: Data | D52: Local (MacBook) | E52: Academic files | F52: Coursework, notes, textbook PDFs | G52: Medium | H52: High | I52: Medium | J52: High | K52: Self
A53: AST-049 | B53: D-L04 | C53: Data | D53: Local (MacBook) | E53: Personal ID scans | F53: Passport, visa, and SSN-related documents | G53: Critical | H53: Critical | I53: Low | J53: Critical | K53: Self
A54: AST-050 | B54: D-L05 | C54: Data | D54: Local (MacBook) | E54: Financial documents | F54: Tax documents, bank statements | G54: High | H54: High | I54: Low | J54: High | K54: Self
A55: AST-051 | B55: D-L06 | C55: Data | D55: Local (MacBook) | E55: Development code | F55: AI-assisted coding outputs, learning artifacts | G55: Low | H55: Medium | I55: Low | J55: Medium | K55: Self
A56: AST-052 | B56: D-C01 | C56: Data | D56: Cloud Storage | E56: iCloud Photos | F56: Family and personal photos | G56: High | H56: Medium | I56: Medium | J56: High | K56: Third party
A57: AST-053 | B57: D-C02 | C57: Data | D57: Cloud Storage | E57: iCloud Drive files | F57: File-level inventory pending | G57: Medium | H57: Medium | I57: Medium | J57: Medium | K57: Third party
A58: AST-054 | B58: D-C03 | C58: Data | D58: Cloud Storage | E58: Google Drive files | F58: File-level inventory pending | G58: Medium | H58: Medium | I58: Medium | J58: Medium | K58: Third party
A59: AST-055 | B59: D-C04 | C59: Data | D59: Cloud Storage | E59: Video files | F59: Personal video content | G59: Low | H59: Low | I59: Low | J59: Low | K59: Third party
A60: AST-056 | B60: D-K01 | C60: Data | D60: Knowledge Base | E60: Obsidian career vault | F60: Core career strategy notes; local only — no version control, no cloud sync | G60: High | H60: High | I60: Medium | J60: Critical | K60: Self | L60: F4
A61: AST-057 | B61: D-K02 | C61: Data | D61: Knowledge Base | E61: Notion workspace (data) | F61: Daily log, job-hunting notes, target company list, interview records | G61: High | H61: High | I61: Medium | J61: Critical | K61: Third party
A62: AST-058 | B62: D-P01 | C62: Data | D62: Physical | E62: Passport | F62: At home, secure storage | J62: Critical | K62: Self
A63: AST-059 | B63: D-P02 | C63: Data | D63: Physical | E63: Student status document (immigration) | F63: At home, secure storage | J63: Critical | K63: Self
A64: AST-060 | B64: D-P03 | C64: Data | D64: Physical | E64: SSN-related documents | F64: At home, secure storage | J64: Critical | K64: Self
A65: AST-061 | B65: D-P04 | C65: Data | D65: Physical | E65: Physical credit/debit cards | F65: At home, rarely carried; Apple Pay used instead | J65: High | K65: Self
A66: AST-062 | B66: D-P05 | C66: Data | D66: Physical | E66: Student ID | F66: At home or carried occasionally | J66: Medium | K66: Self
A67: AST-063
A68: AST-064
A69: AST-065
A70: AST-066
A71: AST-067
A72: AST-068
A73: AST-069
A74: AST-070
A75: AST-071
A76: AST-072
A77: AST-073
A78: AST-074
... A104: AST-100

Sheet Protect Assessment
A1: Protect (PR) Assessment — NIST CSF 2.0 (asset x subcategory matrix)
A2: One row per asset (= 01-asset-inventory.md). Set each subcategory cell to a Status; N/A = not applicable to this asset (see Guide). Grey = formulas. Your original text is carried over verbatim; blue column = reviewer suggestions only.
A4: Asset ID | B4: Source ID | C4: Asset Name | D4: Category | E4: Priority | F4: PR.AA-01 Credentials | G4: PR.AA-03 Authentication | H4: PR.AA-05 Access review | I4: PR.DS-01 Data at rest | J4: PR.DS-02 Data in transit | K4: PR.DS-11 Backup | L4: PR.PS-01 Configuration | M4: PR.IR-01 Network protection | N4: Overall | O4: Assessed | P4: Remaining ?? | Q4: Gaps | R4: Checklist (per subcategory) | S4: Target State | T4: Current State | U4: Risk if Gap | V4: Evidence / Notes | W4: Remediation Action | X4: Related Finding | Y4: Migrated From | Z4: Reviewer Comment
A5: AST-001 | B5: =IF(A5="","",IFERROR(INDEX('Asset Register'!$B:$B,MATCH(A5,'Asset Register'!$A:$A,0)),"")) -> H-01 | C5: =IF(A5="","",IFERROR(INDEX('Asset Register'!$E:$E,MATCH(A5,'Asset Register'!$A:$A,0)),"")) -> MacBook Air (M4) | D5: =IF(A5="","",IFERROR(INDEX('Asset Register'!$D:$D,MATCH(A5,'Asset Register'!$A:$A,0)),"")) -> Device | E5: =IF(A5="","",IFERROR(INDEX('Asset Register'!$J:$J,MATCH(A5,'Asset Register'!$A:$A,0)),"")) -> Critical | F5: Implemented | G5: Partial | H5: Partial | I5: Not Implemented | J5: Not Implemented | K5: Partial | L5: Partial | M5: Partial | N5: =IF(COUNTA(F5:M5)=0,"",IF((COUNTIF(F5:M5,"Implemented")+COUNTIF(F5:M5,"Partial")+COUNTIF(F5:M5,"Not Implemented"))+COUNTIF(F5:M5,"??")=0,"N/A",IF((COUNTIF(F5:M5,"Implemented")+COUNTIF(F5:M5,"Partial")+COUNTIF(F5:M5,"Not Implemented"))=0,"??",IF(COUNTIF(F5:M5,"Implemented")=(COUNTIF(F5:M5,"Implemented")+COUNTIF(F5:M5,"Partial")+COUNTIF(F5:M5,"Not Implemented")),"Implemented",IF(COUNTIF(F5:M5,"Not Implemented")=(COUNTIF(F5:M5,"Implemented")+COUNTIF(F5:M5,"Partial")+COUNTIF(F5:M5,"Not Implemented")),"Not Implemented","Partial"))))) -> Partial | O5: =IF(COUNTA(F5:M5)=0,"",(COUNTIF(F5:M5,"Implemented")+COUNTIF(F5:M5,"Partial")+COUNTIF(F5:M5,"Not Implemented"))) -> 8 | P5: =IF(COUNTA(F5:M5)=0,"",COUNTIF(F5:M5,"??")) -> 0 | Q5: =IF(COUNTA(F5:M5)=0,"",COUNTIF(F5:M5,"Partial")+COUNTIF(F5:M5,"Not Implemented")) -> 7 | R5: AA-03: Unlock method (passcode strength, biometrics) and auto-lock AA-05: Daily use runs as standard user (not admin); guest user disabled DS-01: FileVault full-disk encryption enabled DS-02: Encrypted transport on untrusted networks (VPN / encrypted DNS) DS-11: MacBook backup (Time Machine or equivalent) PS-01: macOS auto-updates, Gatekeeper, SIP, screen-lock timeout IR-01: macOS firewall enabled (stealth mode); sharing services off | S5: AA-03: Strong passcode / password; biometrics ON; auto-lock enabled AA-05: Separate admin account; guest disabled DS-01: FileVault ON; recovery key stored offline (not only in iCloud) DS-02: Trusted VPN or iCloud Private Relay on untrusted networks DS-11: Encrypted Time Machine backup; restore tested PS-01: Auto-updates ON; Gatekeeper/SIP ON; lock <= 5 min IR-01: Firewall + stealth mode ON; unused sharing off | T5: Touch ID is enabled and screen lock is set to five minutes or less. The daily-use account has administrator privileges, while Guest User is disabled. FileVault, automatic updates, and the macOS firewall are enabled. File Sharing is disabled. No Mac backup is configured. VPN / Private Relay is not used. FileVault recovery-key storage, Gatekeeper, SIP, and Firewall Stealth Mode have not yet been verified. | U5: Daily use with administrator privileges increases the impact of malicious or accidental actions. Lack of backup creates a risk of permanent data loss. Unverified recovery and platform-hardening settings may leave additional security gaps, and no additional encrypted transport is used on untrusted networks. | V5: User confirmed Touch ID ON, screen lock within five minutes, daily-use Admin account, Guest User OFF, FileVault ON, automatic updates ON, firewall ON, File Sharing OFF, no backup, and no VPN / Private Relay. FileVault recovery-key storage, Gatekeeper, SIP, and Stealth Mode remain unverified. | W5: Use a standard account for daily activity and keep a separate admin account. Configure an encrypted backup and test restoration. Verify FileVault recovery-key storage, Gatekeeper, SIP, and Stealth Mode. Consider encrypted transport on untrusted networks. | X5: F4, F5 | Y5: PR-025, PR-028, PR-039, PR-043, PR-046, PR-051
A6: AST-002 | B6: =IF(A6="","",IFERROR(INDEX('Asset Register'!$B:$B,MATCH(A6,'Asset Register'!$A:$A,0)),"")) -> H-02 | C6: =IF(A6="","",IFERROR(INDEX('Asset Register'!$E:$E,MATCH(A6,'Asset Register'!$A:$A,0)),"")) -> iPhone 14 | D6: =IF(A6="","",IFERROR(INDEX('Asset Register'!$D:$D,MATCH(A6,'Asset Register'!$A:$A,0)),"")) -> Device | E6: =IF(A6="","",IFERROR(INDEX('Asset Register'!$J:$J,MATCH(A6,'Asset Register'!$A:$A,0)),"")) -> Critical | F6: Partial | G6: Implemented | H6: Partial | I6: Implemented | J6: Not Implemented | K6: Partial | L6: Partial | M6: Implemented | N6: =IF(COUNTA(F6:M6)=0,"",IF((COUNTIF(F6:M6,"Implemented")+COUNTIF(F6:M6,"Partial")+COUNTIF(F6:M6,"Not Implemented"))+COUNTIF(F6:M6,"??")=0,"N/A",IF((COUNTIF(F6:M6,"Implemented")+COUNTIF(F6:M6,"Partial")+COUNTIF(F6:M6,"Not Implemented"))=0,"??",IF(COUNTIF(F6:M6,"Implemented")=(COUNTIF(F6:M6,"Implemented")+COUNTIF(F6:M6,"Partial")+COUNTIF(F6:M6,"Not Implemented")),"Implemented",IF(COUNTIF(F6:M6,"Not Implemented")=(COUNTIF(F6:M6,"Implemented")+COUNTIF(F6:M6,"Partial")+COUNTIF(F6:M6,"Not Implemented")),"Not Implemented","Partial"))))) -> Partial | O6: =IF(COUNTA(F6:M6)=0,"",(COUNTIF(F6:M6,"Implemented")+COUNTIF(F6:M6,"Partial")+COUNTIF(F6:M6,"Not Implemented"))) -> 8 | P6: =IF(COUNTA(F6:M6)=0,"",COUNTIF(F6:M6,"??")) -> 0 | Q6: =IF(COUNTA(F6:M6)=0,"",COUNTIF(F6:M6,"Partial")+COUNTIF(F6:M6,"Not Implemented")) -> 5 | R6: AA-03: Device unlock method (passcode length, Face ID) and Stolen Device Protection DS-01: Device encryption via passcode; Advanced Data Protection for iCloud DS-02: Encrypted transport on untrusted / public Wi-Fi DS-11: Device backup configured and restore tested PS-01: iOS auto-updates, lock-screen access (Control Center, USB Accessories) IR-01: Auto-join of open networks disabled; Private Wi-Fi Address enabled | S6: AA-03: 6+ digit or alphanumeric passcode; Stolen Device Protection ON DS-01: Strong passcode; Advanced Data Protection ON DS-02: Trusted VPN or iCloud Private Relay on public Wi-Fi DS-11: Encrypted backup; restore tested PS-01: Auto-updates ON; lock-screen access minimized IR-01: Auto-join off for public Wi-Fi; private address ON | T6: The iPhone uses a 6-digit passcode with Face ID, and Stolen Device Protection is enabled. Advanced Data Protection and automatic updates are enabled. iCloud Backup is enabled, but restore testing has not been verified. Control Center is unavailable from the Lock Screen, while USB Accessories settings remain unverified | U6: The lack of additional encrypted transport on untrusted networks may leave some network exposure. An untested backup may not provide reliable recovery when needed, and unverified USB accessory settings leave a remaining configuration uncertainty. | V6: User confirmed 6-digit passcode, Face ID, Stolen Device Protection ON, Advanced Data Protection ON, automatic updates ON, iCloud Backup ON, Lock Screen Control Center disabled, public Wi-Fi auto-join OFF, Private Wi-Fi Address ON, and no VPN / Private Relay. | W6: Test recovery from iCloud Backup, verify USB Accessories restrictions while locked, and consider encrypted transport such as a trusted VPN or Private Relay on untrusted networks. | X6: F1, F5 | Y6: PR-021, PR-029, PR-040, PR-047, PR-052
A7: AST-003 | B7: =IF(A7="","",IFERROR(INDEX('Asset Register'!$B:$B,MATCH(A7,'Asset Register'!$A:$A,0)),"")) -> H-03 | C7: =IF(A7="","",IFERROR(INDEX('Asset Register'!$E:$E,MATCH(A7,'Asset Register'!$A:$A,0)),"")) -> iPad | D7: =IF(A7="","",IFERROR(INDEX('Asset Register'!$D:$D,MATCH(A7,'Asset Register'!$A:$A,0)),"")) -> Device | E7: =IF(A7="","",IFERROR(INDEX('Asset Register'!$J:$J,MATCH(A7,'Asset Register'!$A:$A,0)),"")) -> Medium | F7: N/A | G7: Implemented | H7: N/A | I7: Implemented | J7: Not Implemented | K7: Partial | L7: Implemented | M7: Partial | N7: =IF(COUNTA(F7:M7)=0,"",IF((COUNTIF(F7:M7,"Implemented")+COUNTIF(F7:M7,"Partial")+COUNTIF(F7:M7,"Not Implemented"))+COUNTIF(F7:M7,"??")=0,"N/A",IF((COUNTIF(F7:M7,"Implemented")+COUNTIF(F7:M7,"Partial")+COUNTIF(F7:M7,"Not Implemented"))=0,"??",IF(COUNTIF(F7:M7,"Implemented")=(COUNTIF(F7:M7,"Implemented")+COUNTIF(F7:M7,"Partial")+COUNTIF(F7:M7,"Not Implemented")),"Implemented",IF(COUNTIF(F7:M7,"Not Implemented")=(COUNTIF(F7:M7,"Implemented")+COUNTIF(F7:M7,"Partial")+COUNTIF(F7:M7,"Not Implemented")),"Not Implemented","Partial"))))) -> Partial | O7: =IF(COUNTA(F7:M7)=0,"",(COUNTIF(F7:M7,"Implemented")+COUNTIF(F7:M7,"Partial")+COUNTIF(F7:M7,"Not Implemented"))) -> 6 | P7: =IF(COUNTA(F7:M7)=0,"",COUNTIF(F7:M7,"??")) -> 0 | Q7: =IF(COUNTA(F7:M7)=0,"",COUNTIF(F7:M7,"Partial")+COUNTIF(F7:M7,"Not Implemented")) -> 3 | R7: AA-03: Unlock method (passcode strength, biometrics) and auto-lock DS-01: Device passcode set (enables data protection) DS-02: Encrypted transport on untrusted networks DS-11: Device backup configured and restore tested PS-01: iPadOS auto-updates and auto-lock IR-01: Firewall / network exposure settings | S7: AA-03: Strong passcode / password; biometrics ON; auto-lock enabled DS-01: Passcode set; auto-lock enabled DS-02: Trusted VPN or iCloud Private Relay on untrusted networks DS-11: Encrypted backup; restore tested PS-01: Auto-updates ON; auto-lock enabled IR-01: Firewall ON; unused sharing / auto-join off | T7: The iPad uses a 6-digit or longer passcode with biometric authentication enabled. Automatic updates and Auto-Lock are enabled. iCloud Backup is enabled, but restore testing has not been verified. Control Center is not accessible from the Lock Screen, and Private Wi-Fi Address is enabled. | U7: The lack of additional encrypted transport on untrusted networks may leave some network exposure. An untested backup may not provide reliable recovery when needed. Disabling Find My iPad also reduces the ability to locate or remotely manage the device after loss. | V7: User confirmed 6+ digit passcode, biometric authentication ON, automatic updates ON, Auto-Lock ON, iCloud Backup ON, Lock Screen Control Center disabled, Private Wi-Fi Address ON, Find My iPad OFF, and no VPN / Private Relay. Restore testing remains unverified. | W7: Enable Find My iPad, test recovery from iCloud Backup, and consider using trusted encrypted transport on untrusted networks | Y7: PR-030, PR-048
A8: AST-004 | B8: =IF(A8="","",IFERROR(INDEX('Asset Register'!$B:$B,MATCH(A8,'Asset Register'!$A:$A,0)),"")) -> H-04 | C8: =IF(A8="","",IFERROR(INDEX('Asset Register'!$E:$E,MATCH(A8,'Asset Register'!$A:$A,0)),"")) -> eSIM profile | D8: =IF(A8="","",IFERROR(INDEX('Asset Register'!$D:$D,MATCH(A8,'Asset Register'!$A:$A,0)),"")) -> Device | E8: =IF(A8="","",IFERROR(INDEX('Asset Register'!$J:$J,MATCH(A8,'Asset Register'!$A:$A,0)),"")) -> Critical | F8: N/A | G8: Partial | H8: N/A | I8: N/A | J8: N/A | K8: N/A | L8: Not Implemented | M8: N/A | N8: =IF(COUNTA(F8:M8)=0,"",IF((COUNTIF(F8:M8,"Implemented")+COUNTIF(F8:M8,"Partial")+COUNTIF(F8:M8,"Not Implemented"))+COUNTIF(F8:M8,"??")=0,"N/A",IF((COUNTIF(F8:M8,"Implemented")+COUNTIF(F8:M8,"Partial")+COUNTIF(F8:M8,"Not Implemented"))=0,"??",IF(COUNTIF(F8:M8,"Implemented")=(COUNTIF(F8:M8,"Implemented")+COUNTIF(F8:M8,"Partial")+COUNTIF(F8:M8,"Not Implemented")),"Implemented",IF(COUNTIF(F8:M8,"Not Implemented")=(COUNTIF(F8:M8,"Implemented")+COUNTIF(F8:M8,"Partial")+COUNTIF(F8:M8,"Not Implemented")),"Not Implemented","Partial"))))) -> Partial | O8: =IF(COUNTA(F8:M8)=0,"",(COUNTIF(F8:M8,"Implemented")+COUNTIF(F8:M8,"Partial")+COUNTIF(F8:M8,"Not Implemented"))) -> 2 | P8: =IF(COUNTA(F8:M8)=0,"",COUNTIF(F8:M8,"??")) -> 0 | Q8: =IF(COUNTA(F8:M8)=0,"",COUNTIF(F8:M8,"Partial")+COUNTIF(F8:M8,"Not Implemented")) -> 2 | R8: AA-03: Authentication required before the eSIM can be transferred or removed PS-01: SIM/eSIM PIN and eSIM transfer protection | S8: AA-03: eSIM transfer requires device passcode and carrier verification PS-01: SIM PIN enabled | T8: SIM PIN is disabled. Additional authentication requirements for eSIM transfer, reissue, or removal have not been verified. No additional phone-number protection has been confirmed. | U8: Weak or unverified eSIM transfer protection could make unauthorized number reassignment easier, which may affect SMS-based authentication and account recovery. | V8: User confirmed SIM PIN is OFF. Authentication requirements for eSIM transfer or removal remain unverified. | W8: Enable SIM PIN if appropriate and verify the carrier and device requirements for eSIM transfer, reissue, and removal. Enable any available transfer or number-lock protection. | X8: F3 | Y8: PR-049
A9: AST-005 | B9: =IF(A9="","",IFERROR(INDEX('Asset Register'!$B:$B,MATCH(A9,'Asset Register'!$A:$A,0)),"")) -> H-05 | C9: =IF(A9="","",IFERROR(INDEX('Asset Register'!$E:$E,MATCH(A9,'Asset Register'!$A:$A,0)),"")) -> Home Wi-Fi network | D9: =IF(A9="","",IFERROR(INDEX('Asset Register'!$D:$D,MATCH(A9,'Asset Register'!$A:$A,0)),"")) -> Network | E9: =IF(A9="","",IFERROR(INDEX('Asset Register'!$J:$J,MATCH(A9,'Asset Register'!$A:$A,0)),"")) -> High | F9: Not Implemented | G9: N/A | H9: Partial | I9: Implemented | J9: Partial | K9: N/A | L9: Partial | M9: Partial | N9: =IF(COUNTA(F9:M9)=0,"",IF((COUNTIF(F9:M9,"Implemented")+COUNTIF(F9:M9,"Partial")+COUNTIF(F9:M9,"Not Implemented"))+COUNTIF(F9:M9,"??")=0,"N/A",IF((COUNTIF(F9:M9,"Implemented")+COUNTIF(F9:M9,"Partial")+COUNTIF(F9:M9,"Not Implemented"))=0,"??",IF(COUNTIF(F9:M9,"Implemented")=(COUNTIF(F9:M9,"Implemented")+COUNTIF(F9:M9,"Partial")+COUNTIF(F9:M9,"Not Implemented")),"Implemented",IF(COUNTIF(F9:M9,"Not Implemented")=(COUNTIF(F9:M9,"Implemented")+COUNTIF(F9:M9,"Partial")+COUNTIF(F9:M9,"Not Implemented")),"Not Implemented","Partial"))))) -> Partial | O9: =IF(COUNTA(F9:M9)=0,"",(COUNTIF(F9:M9,"Implemented")+COUNTIF(F9:M9,"Partial")+COUNTIF(F9:M9,"Not Implemented"))) -> 6 | P9: =IF(COUNTA(F9:M9)=0,"",COUNTIF(F9:M9,"??")) -> 0 | Q9: =IF(COUNTA(F9:M9)=0,"",COUNTIF(F9:M9,"Partial")+COUNTIF(F9:M9,"Not Implemented")) -> 5 | R9: AA-01: Wi-Fi password strength and who knows it; router admin credentials changed from default AA-05: Who has the Wi-Fi password / admin access; guest network available DS-02: Wi-Fi encryption protocol (WPA2/WPA3) in use PS-01: Router firmware / default settings (or documented as landlord-controlled) IR-01: Router admin control, connected-device visibility, network segmentation | S9: AA-01: Strong Wi-Fi password; admin credentials non-default (or documented as landlord-controlled) AA-05: Access limited to known people; treated as untrusted network DS-02: WPA2-AES or WPA3; treated as untrusted regardless PS-01: Firmware current, or documented as accepted risk IR-01: Treated as untrusted; endpoint controls compensate | T9: The home Wi-Fi uses WPA3, but the Wi-Fi password is weak and shared with other people. The user does not have router administrative access. Router firmware status is unverified, no guest network is available, and network segmentation has not been verified. | U9: A weak shared Wi-Fi password may increase the chance of unauthorized network access. Limited router visibility and unverified firmware or segmentation may leave additional network security gaps. | V9: User confirmed WPA3, a weak shared Wi-Fi password, no router administrative access, no guest network, and unverified firmware and segmentation. | W9: Change the Wi-Fi password to a strong unique passphrase if possible. Treat the network as untrusted, keep endpoint protections enabled, and ask the network owner to verify firmware and segmentation settings. | X9: F5 | Y9: PR-038, PR-050
A10: AST-006 | B10: =IF(A10="","",IFERROR(INDEX('Asset Register'!$B:$B,MATCH(A10,'Asset Register'!$A:$A,0)),"")) -> A-F01 | C10: =IF(A10="","",IFERROR(INDEX('Asset Register'!$E:$E,MATCH(A10,'Asset Register'!$A:$A,0)),"")) -> Primary US bank | D10: =IF(A10="","",IFERROR(INDEX('Asset Register'!$D:$D,MATCH(A10,'Asset Register'!$A:$A,0)),"")) -> Financial | E10: =IF(A10="","",IFERROR(INDEX('Asset Register'!$J:$J,MATCH(A10,'Asset Register'!$A:$A,0)),"")) -> Critical | F10: Implemented | G10: Partial | H10: Partial | I10: N/A | J10: N/A | K10: N/A | L10: N/A | M10: N/A | N10: =IF(COUNTA(F10:M10)=0,"",IF((COUNTIF(F10:M10,"Implemented")+COUNTIF(F10:M10,"Partial")+COUNTIF(F10:M10,"Not Implemented"))+COUNTIF(F10:M10,"??")=0,"N/A",IF((COUNTIF(F10:M10,"Implemented")+COUNTIF(F10:M10,"Partial")+COUNTIF(F10:M10,"Not Implemented"))=0,"??",IF(COUNTIF(F10:M10,"Implemented")=(COUNTIF(F10:M10,"Implemented")+COUNTIF(F10:M10,"Partial")+COUNTIF(F10:M10,"Not Implemented")),"Implemented",IF(COUNTIF(F10:M10,"Not Implemented")=(COUNTIF(F10:M10,"Implemented")+COUNTIF(F10:M10,"Partial")+COUNTIF(F10:M10,"Not Implemented")),"Not Implemented","Partial"))))) -> Partial | O10: =IF(COUNTA(F10:M10)=0,"",(COUNTIF(F10:M10,"Implemented")+COUNTIF(F10:M10,"Partial")+COUNTIF(F10:M10,"Not Implemented"))) -> 3 | P10: =IF(COUNTA(F10:M10)=0,"",COUNTIF(F10:M10,"??")) -> 0 | Q10: =IF(COUNTA(F10:M10)=0,"",COUNTIF(F10:M10,"Partial")+COUNTIF(F10:M10,"Not Implemented")) -> 2 | R10: AA-01: Unique, strong password stored in password manager; not reused elsewhere; recovery email/phone current AA-03: MFA method available and enabled at the bank AA-05: Active sessions, connected third-party apps, and shared access reviewed | S10: AA-01: Unique 16+ char password in password manager; recovery contacts verified AA-03: Strongest MFA the bank supports; SMS only if no alternative AA-05: Only current sessions / needed apps; reviewed quarterly | T10: A unique password is used and stored in a password manager. Recovery email and phone information are current. MFA is enabled using SMS. | U10: SMS-based MFA provides additional protection, but it is more exposed to SIM-swap or phone-number takeover risks than stronger authentication methods. | V10: User confirmed a unique password, password manager use, current recovery information, and SMS-based MFA. | W10: Keep the unique password and password manager. If the bank supports a stronger MFA option, migrate from SMS. | X10: F3 | Y10: PR-004, PR-015 | Z10: [PR-004] Password / recovery elements of AA-01 appear fully met; the gap described (SMS-based MFA) belongs to AA-03. Suggested: AA-01 Implemented, AA-03 Partial.
A11: AST-007 | B11: =IF(A11="","",IFERROR(INDEX('Asset Register'!$B:$B,MATCH(A11,'Asset Register'!$A:$A,0)),"")) -> A-F02 | C11: =IF(A11="","",IFERROR(INDEX('Asset Register'!$E:$E,MATCH(A11,'Asset Register'!$A:$A,0)),"")) -> International transfer service | D11: =IF(A11="","",IFERROR(INDEX('Asset Register'!$D:$D,MATCH(A11,'Asset Register'!$A:$A,0)),"")) -> Financial | E11: =IF(A11="","",IFERROR(INDEX('Asset Register'!$J:$J,MATCH(A11,'Asset Register'!$A:$A,0)),"")) -> Critical | F11: Implemented | G11: Not Implemented | H11: Partial | I11: N/A | J11: N/A | K11: N/A | L11: N/A | M11: N/A | N11: =IF(COUNTA(F11:M11)=0,"",IF((COUNTIF(F11:M11,"Implemented")+COUNTIF(F11:M11,"Partial")+COUNTIF(F11:M11,"Not Implemented"))+COUNTIF(F11:M11,"??")=0,"N/A",IF((COUNTIF(F11:M11,"Implemented")+COUNTIF(F11:M11,"Partial")+COUNTIF(F11:M11,"Not Implemented"))=0,"??",IF(COUNTIF(F11:M11,"Implemented")=(COUNTIF(F11:M11,"Implemented")+COUNTIF(F11:M11,"Partial")+COUNTIF(F11:M11,"Not Implemented")),"Implemented",IF(COUNTIF(F11:M11,"Not Implemented")=(COUNTIF(F11:M11,"Implemented")+COUNTIF(F11:M11,"Partial")+COUNTIF(F11:M11,"Not Implemented")),"Not Implemented","Partial"))))) -> Partial | O11: =IF(COUNTA(F11:M11)=0,"",(COUNTIF(F11:M11,"Implemented")+COUNTIF(F11:M11,"Partial")+COUNTIF(F11:M11,"Not Implemented"))) -> 3 | P11: =IF(COUNTA(F11:M11)=0,"",COUNTIF(F11:M11,"??")) -> 0 | Q11: =IF(COUNTA(F11:M11)=0,"",COUNTIF(F11:M11,"Partial")+COUNTIF(F11:M11,"Not Implemented")) -> 2 | R11: AA-01: Unique, strong password stored in password manager; not reused elsewhere; recovery email/phone current AA-03: MFA method enabled AA-05: Active sessions, connected third-party apps, and shared access reviewed | S11: AA-01: Unique 16+ char password in password manager; recovery contacts verified AA-03: Authenticator app or passkey AA-05: Only current sessions / needed apps; reviewed quarterly | T11: A unique password is used and stored in a password manager. Recovery email and phone information are current. MFA is not enabled, and the available MFA method has not been verified. | U11: Without MFA, a stolen or exposed password could be enough to access the account and potentially initiate unauthorized transfers. | V11: User confirmed a unique password, password manager use, current recovery information, and no MFA. | W11: Enable MFA using the strongest method supported by the service and verify the available authentication options. | X11: F3 | Y11: PR-005, PR-016 | Z11: [PR-005] Password / recovery elements of AA-01 appear fully met; the gap described (no MFA) belongs to AA-03. Suggested: AA-01 Implemented, AA-03 Not Implemented.
A12: AST-008 | B12: =IF(A12="","",IFERROR(INDEX('Asset Register'!$B:$B,MATCH(A12,'Asset Register'!$A:$A,0)),"")) -> A-F03 | C12: =IF(A12="","",IFERROR(INDEX('Asset Register'!$E:$E,MATCH(A12,'Asset Register'!$A:$A,0)),"")) -> Credit card portal (x1) | D12: =IF(A12="","",IFERROR(INDEX('Asset Register'!$D:$D,MATCH(A12,'Asset Register'!$A:$A,0)),"")) -> Financial | E12: =IF(A12="","",IFERROR(INDEX('Asset Register'!$J:$J,MATCH(A12,'Asset Register'!$A:$A,0)),"")) -> Critical | F12: Implemented | G12: Implemented | H12: Partial | I12: N/A | J12: N/A | K12: N/A | L12: N/A | M12: N/A | N12: =IF(COUNTA(F12:M12)=0,"",IF((COUNTIF(F12:M12,"Implemented")+COUNTIF(F12:M12,"Partial")+COUNTIF(F12:M12,"Not Implemented"))+COUNTIF(F12:M12,"??")=0,"N/A",IF((COUNTIF(F12:M12,"Implemented")+COUNTIF(F12:M12,"Partial")+COUNTIF(F12:M12,"Not Implemented"))=0,"??",IF(COUNTIF(F12:M12,"Implemented")=(COUNTIF(F12:M12,"Implemented")+COUNTIF(F12:M12,"Partial")+COUNTIF(F12:M12,"Not Implemented")),"Implemented",IF(COUNTIF(F12:M12,"Not Implemented")=(COUNTIF(F12:M12,"Implemented")+COUNTIF(F12:M12,"Partial")+COUNTIF(F12:M12,"Not Implemented")),"Not Implemented","Partial"))))) -> Partial | O12: =IF(COUNTA(F12:M12)=0,"",(COUNTIF(F12:M12,"Implemented")+COUNTIF(F12:M12,"Partial")+COUNTIF(F12:M12,"Not Implemented"))) -> 3 | P12: =IF(COUNTA(F12:M12)=0,"",COUNTIF(F12:M12,"??")) -> 0 | Q12: =IF(COUNTA(F12:M12)=0,"",COUNTIF(F12:M12,"Partial")+COUNTIF(F12:M12,"Not Implemented")) -> 1 | R12: AA-01: Unique, strong password stored in password manager; not reused elsewhere; recovery email/phone current AA-03: MFA method enabled AA-05: Active sessions, connected third-party apps, and shared access reviewed | S12: AA-01: Unique 16+ char password in password manager; recovery contacts verified AA-03: Strongest MFA the issuer supports AA-05: Only current sessions / needed apps; reviewed quarterly | T12: A unique password is used and stored in a password manager. Recovery email and phone information are current. MFA is enabled. Active sessions, connected third-party applications, and shared access have not yet been reviewed. | U12: Unreviewed sessions or connected applications may retain unnecessary or unauthorized access to the credit card account. | V12: User confirmed a unique password, password manager use, current recovery information, and MFA enabled. Access review remains unverified. | W12: Review active sessions, connected applications, and shared access. Remove anything that is no longer needed and periodically repeat the review. | X12: F3 | Y12: PR-006, PR-017
A13: AST-009 | B13: =IF(A13="","",IFERROR(INDEX('Asset Register'!$B:$B,MATCH(A13,'Asset Register'!$A:$A,0)),"")) -> A-F04 | C13: =IF(A13="","",IFERROR(INDEX('Asset Register'!$E:$E,MATCH(A13,'Asset Register'!$A:$A,0)),"")) -> Debit card portals (x4) | D13: =IF(A13="","",IFERROR(INDEX('Asset Register'!$D:$D,MATCH(A13,'Asset Register'!$A:$A,0)),"")) -> Financial | E13: =IF(A13="","",IFERROR(INDEX('Asset Register'!$J:$J,MATCH(A13,'Asset Register'!$A:$A,0)),"")) -> High | F13: Implemented | G13: Implemented | H13: Partial | I13: N/A | J13: N/A | K13: N/A | L13: N/A | M13: N/A | N13: =IF(COUNTA(F13:M13)=0,"",IF((COUNTIF(F13:M13,"Implemented")+COUNTIF(F13:M13,"Partial")+COUNTIF(F13:M13,"Not Implemented"))+COUNTIF(F13:M13,"??")=0,"N/A",IF((COUNTIF(F13:M13,"Implemented")+COUNTIF(F13:M13,"Partial")+COUNTIF(F13:M13,"Not Implemented"))=0,"??",IF(COUNTIF(F13:M13,"Implemented")=(COUNTIF(F13:M13,"Implemented")+COUNTIF(F13:M13,"Partial")+COUNTIF(F13:M13,"Not Implemented")),"Implemented",IF(COUNTIF(F13:M13,"Not Implemented")=(COUNTIF(F13:M13,"Implemented")+COUNTIF(F13:M13,"Partial")+COUNTIF(F13:M13,"Not Implemented")),"Not Implemented","Partial"))))) -> Partial | O13: =IF(COUNTA(F13:M13)=0,"",(COUNTIF(F13:M13,"Implemented")+COUNTIF(F13:M13,"Partial")+COUNTIF(F13:M13,"Not Implemented"))) -> 3 | P13: =IF(COUNTA(F13:M13)=0,"",COUNTIF(F13:M13,"??")) -> 0 | Q13: =IF(COUNTA(F13:M13)=0,"",COUNTIF(F13:M13,"Partial")+COUNTIF(F13:M13,"Not Implemented")) -> 1 | R13: AA-01: Unique, strong password stored in password manager; not reused elsewhere; recovery email/phone current AA-03: MFA enabled and which method (passkey / authenticator app / SMS) AA-05: Active sessions, connected third-party apps, and shared access reviewed | S13: AA-01: Unique 16+ char password in password manager; recovery contacts verified AA-03: Strongest MFA the service supports; SMS only if no alternative AA-05: Only current sessions / needed apps; reviewed quarterly | T13: A unique password is used and stored in a password manager. Recovery email and phone information are current. MFA is enabled. Active sessions, connected third-party applications, and shared access have not yet been reviewed. | U13: Unreviewed sessions or connected applications may retain unnecessary or unauthorized access to the credit card account. | V13: User confirmed a unique password, password manager use, current recovery information, and MFA enabled. Access review remains unverified. | W13: Review active sessions, connected applications, and shared access. Remove anything that is no longer needed and periodically repeat the review.
A14: AST-010 | B14: =IF(A14="","",IFERROR(INDEX('Asset Register'!$B:$B,MATCH(A14,'Asset Register'!$A:$A,0)),"")) -> A-F05 | C14: =IF(A14="","",IFERROR(INDEX('Asset Register'!$E:$E,MATCH(A14,'Asset Register'!$A:$A,0)),"")) -> Apple Pay | D14: =IF(A14="","",IFERROR(INDEX('Asset Register'!$D:$D,MATCH(A14,'Asset Register'!$A:$A,0)),"")) -> Financial | E14: =IF(A14="","",IFERROR(INDEX('Asset Register'!$J:$J,MATCH(A14,'Asset Register'!$A:$A,0)),"")) -> Critical | F14: N/A | G14: Implemented | H14: Implemented | I14: N/A | J14: N/A | K14: N/A | L14: N/A | M14: N/A | N14: =IF(COUNTA(F14:M14)=0,"",IF((COUNTIF(F14:M14,"Implemented")+COUNTIF(F14:M14,"Partial")+COUNTIF(F14:M14,"Not Implemented"))+COUNTIF(F14:M14,"??")=0,"N/A",IF((COUNTIF(F14:M14,"Implemented")+COUNTIF(F14:M14,"Partial")+COUNTIF(F14:M14,"Not Implemented"))=0,"??",IF(COUNTIF(F14:M14,"Implemented")=(COUNTIF(F14:M14,"Implemented")+COUNTIF(F14:M14,"Partial")+COUNTIF(F14:M14,"Not Implemented")),"Implemented",IF(COUNTIF(F14:M14,"Not Implemented")=(COUNTIF(F14:M14,"Implemented")+COUNTIF(F14:M14,"Partial")+COUNTIF(F14:M14,"Not Implemented")),"Not Implemented","Partial"))))) -> Implemented | O14: =IF(COUNTA(F14:M14)=0,"",(COUNTIF(F14:M14,"Implemented")+COUNTIF(F14:M14,"Partial")+COUNTIF(F14:M14,"Not Implemented"))) -> 2 | P14: =IF(COUNTA(F14:M14)=0,"",COUNTIF(F14:M14,"??")) -> 0 | Q14: =IF(COUNTA(F14:M14)=0,"",COUNTIF(F14:M14,"Partial")+COUNTIF(F14:M14,"Not Implemented")) -> 0 | R14: AA-03: Per-transaction authentication (Face ID / passcode) AA-05: Devices holding the cards reviewed; unused cards removed | S14: AA-03: Every payment requires Face ID or passcode AA-05: Cards only on devices in use; unused cards removed | T14: Apple Pay requires biometric authentication or a device passcode for each payment. Registered cards and devices have been reviewed, and no unnecessary cards or old devices were identified. | U14: Current authentication and access controls reduce the risk of unauthorized payments. Remaining risk would mainly arise if an authorized device were compromised or device access controls were weakened. | V14: User confirmed that every Apple Pay payment requires Face ID, Touch ID, or a passcode, and that registered cards and devices have been reviewed with no unnecessary entries found. | W14: Keep device authentication enabled and periodically review registered cards and devices. Remove any card or device that is no longer in use.
A15: AST-011 | B15: =IF(A15="","",IFERROR(INDEX('Asset Register'!$B:$B,MATCH(A15,'Asset Register'!$A:$A,0)),"")) -> A-F06 | C15: =IF(A15="","",IFERROR(INDEX('Asset Register'!$E:$E,MATCH(A15,'Asset Register'!$A:$A,0)),"")) -> P2P payment app | D15: =IF(A15="","",IFERROR(INDEX('Asset Register'!$D:$D,MATCH(A15,'Asset Register'!$A:$A,0)),"")) -> Financial | E15: =IF(A15="","",IFERROR(INDEX('Asset Register'!$J:$J,MATCH(A15,'Asset Register'!$A:$A,0)),"")) -> High | F15: Partial | G15: Implemented | H15: Partial | I15: N/A | J15: N/A | K15: N/A | L15: N/A | M15: N/A | N15: =IF(COUNTA(F15:M15)=0,"",IF((COUNTIF(F15:M15,"Implemented")+COUNTIF(F15:M15,"Partial")+COUNTIF(F15:M15,"Not Implemented"))+COUNTIF(F15:M15,"??")=0,"N/A",IF((COUNTIF(F15:M15,"Implemented")+COUNTIF(F15:M15,"Partial")+COUNTIF(F15:M15,"Not Implemented"))=0,"??",IF(COUNTIF(F15:M15,"Implemented")=(COUNTIF(F15:M15,"Implemented")+COUNTIF(F15:M15,"Partial")+COUNTIF(F15:M15,"Not Implemented")),"Implemented",IF(COUNTIF(F15:M15,"Not Implemented")=(COUNTIF(F15:M15,"Implemented")+COUNTIF(F15:M15,"Partial")+COUNTIF(F15:M15,"Not Implemented")),"Not Implemented","Partial"))))) -> Partial | O15: =IF(COUNTA(F15:M15)=0,"",(COUNTIF(F15:M15,"Implemented")+COUNTIF(F15:M15,"Partial")+COUNTIF(F15:M15,"Not Implemented"))) -> 3 | P15: =IF(COUNTA(F15:M15)=0,"",COUNTIF(F15:M15,"??")) -> 0 | Q15: =IF(COUNTA(F15:M15)=0,"",COUNTIF(F15:M15,"Partial")+COUNTIF(F15:M15,"Not Implemented")) -> 2 | R15: AA-01: Unique, strong password stored in password manager; not reused elsewhere; recovery email/phone current AA-03: MFA enabled and which method (passkey / authenticator app / SMS) AA-05: Active sessions, connected third-party apps, and shared access reviewed | S15: AA-01: Unique 16+ char password in password manager; recovery contacts verified AA-03: Strongest MFA the service supports; SMS only if no alternative AA-05: Only current sessions / needed apps; reviewed quarterly | T15: The account password is managed with a password manager. Passkey authentication is enabled. Active sessions, connected applications, and shared access have not yet been reviewed. Password reuse and recovery contact status have not yet been verified. | U15: Unreviewed sessions or connected applications could retain unnecessary access. If recovery information is outdated or the password is reused elsewhere, account recovery or credential compromise risk may increase. | V15: User confirmed that the password is managed with a password manager and passkey authentication is enabled. Active sessions, connected applications, and shared access have not yet been reviewed. Password reuse and recovery contact status remain unverified. | W15: Verify that the password is unique, confirm recovery email and phone information, and review active sessions and connected applications.
A16: AST-012 | B16: =IF(A16="","",IFERROR(INDEX('Asset Register'!$B:$B,MATCH(A16,'Asset Register'!$A:$A,0)),"")) -> A-F07 | C16: =IF(A16="","",IFERROR(INDEX('Asset Register'!$E:$E,MATCH(A16,'Asset Register'!$A:$A,0)),"")) -> Bank-integrated transfer service | D16: =IF(A16="","",IFERROR(INDEX('Asset Register'!$D:$D,MATCH(A16,'Asset Register'!$A:$A,0)),"")) -> Financial | E16: =IF(A16="","",IFERROR(INDEX('Asset Register'!$J:$J,MATCH(A16,'Asset Register'!$A:$A,0)),"")) -> High | F16: Partial | G16: Implemented | H16: Partial | I16: N/A | J16: N/A | K16: N/A | L16: N/A | M16: N/A | N16: =IF(COUNTA(F16:M16)=0,"",IF((COUNTIF(F16:M16,"Implemented")+COUNTIF(F16:M16,"Partial")+COUNTIF(F16:M16,"Not Implemented"))+COUNTIF(F16:M16,"??")=0,"N/A",IF((COUNTIF(F16:M16,"Implemented")+COUNTIF(F16:M16,"Partial")+COUNTIF(F16:M16,"Not Implemented"))=0,"??",IF(COUNTIF(F16:M16,"Implemented")=(COUNTIF(F16:M16,"Implemented")+COUNTIF(F16:M16,"Partial")+COUNTIF(F16:M16,"Not Implemented")),"Implemented",IF(COUNTIF(F16:M16,"Not Implemented")=(COUNTIF(F16:M16,"Implemented")+COUNTIF(F16:M16,"Partial")+COUNTIF(F16:M16,"Not Implemented")),"Not Implemented","Partial"))))) -> Partial | O16: =IF(COUNTA(F16:M16)=0,"",(COUNTIF(F16:M16,"Implemented")+COUNTIF(F16:M16,"Partial")+COUNTIF(F16:M16,"Not Implemented"))) -> 3 | P16: =IF(COUNTA(F16:M16)=0,"",COUNTIF(F16:M16,"??")) -> 0 | Q16: =IF(COUNTA(F16:M16)=0,"",COUNTIF(F16:M16,"Partial")+COUNTIF(F16:M16,"Not Implemented")) -> 2 | R16: AA-01: Unique, strong password stored in password manager; not reused elsewhere; recovery email/phone current AA-03: MFA enabled and which method (passkey / authenticator app / SMS) AA-05: Active sessions, connected third-party apps, and shared access reviewed | S16: AA-01: Unique 16+ char password in password manager; recovery contacts verified AA-03: Strongest MFA the service supports; SMS only if no alternative AA-05: Only current sessions / needed apps; reviewed quarterly | T16: The account password is managed with a password manager, and passkey authentication is enabled. Active sessions, connected third-party applications, and shared access have not yet been reviewed. | U16: Unreviewed sessions or connected applications could retain unnecessary access. If the password is reused or recovery information is outdated, account compromise or recovery risk may increase. | V16: User confirmed password manager use and passkey authentication. Active sessions, connected applications, shared access, password reuse, and recovery contact status remain unverified. | W16: Verify that the password is unique, confirm recovery email and phone information, and review active sessions and connected applications.
A17: AST-013 | B17: =IF(A17="","",IFERROR(INDEX('Asset Register'!$B:$B,MATCH(A17,'Asset Register'!$A:$A,0)),"")) -> A-I01 | C17: =IF(A17="","",IFERROR(INDEX('Asset Register'!$E:$E,MATCH(A17,'Asset Register'!$A:$A,0)),"")) -> Gmail (primary) | D17: =IF(A17="","",IFERROR(INDEX('Asset Register'!$D:$D,MATCH(A17,'Asset Register'!$A:$A,0)),"")) -> Identity & Email | E17: =IF(A17="","",IFERROR(INDEX('Asset Register'!$J:$J,MATCH(A17,'Asset Register'!$A:$A,0)),"")) -> Critical | F17: Partial | G17: Implemented | H17: Implemented | I17: N/A | J17: N/A | K17: N/A | L17: N/A | M17: N/A | N17: =IF(COUNTA(F17:M17)=0,"",IF((COUNTIF(F17:M17,"Implemented")+COUNTIF(F17:M17,"Partial")+COUNTIF(F17:M17,"Not Implemented"))+COUNTIF(F17:M17,"??")=0,"N/A",IF((COUNTIF(F17:M17,"Implemented")+COUNTIF(F17:M17,"Partial")+COUNTIF(F17:M17,"Not Implemented"))=0,"??",IF(COUNTIF(F17:M17,"Implemented")=(COUNTIF(F17:M17,"Implemented")+COUNTIF(F17:M17,"Partial")+COUNTIF(F17:M17,"Not Implemented")),"Implemented",IF(COUNTIF(F17:M17,"Not Implemented")=(COUNTIF(F17:M17,"Implemented")+COUNTIF(F17:M17,"Partial")+COUNTIF(F17:M17,"Not Implemented")),"Not Implemented","Partial"))))) -> Partial | O17: =IF(COUNTA(F17:M17)=0,"",(COUNTIF(F17:M17,"Implemented")+COUNTIF(F17:M17,"Partial")+COUNTIF(F17:M17,"Not Implemented"))) -> 3 | P17: =IF(COUNTA(F17:M17)=0,"",COUNTIF(F17:M17,"??")) -> 0 | Q17: =IF(COUNTA(F17:M17)=0,"",COUNTIF(F17:M17,"Partial")+COUNTIF(F17:M17,"Not Implemented")) -> 1 | R17: AA-01: Unique, strong password stored in password manager; not reused elsewhere; recovery email/phone current (password-reset hub for most services) AA-03: MFA enabled and which method (passkey / authenticator app / SMS) AA-05: Active sessions, connected third-party apps, and shared access reviewed | S17: AA-01: Unique 16+ char password in password manager; recovery contacts verified AA-03: Strongest MFA the service supports; SMS only if no alternative AA-05: Only current sessions / needed apps; reviewed quarterly | T17: Gmail uses the same password as the Google Account. The password is managed through the Google Account credential | U17: Reuse of the same credential across related services may increase account compromise risk if the credential is exposed. | V17: User confirmed Gmail uses the same password as the Google Account. | W17: Keep the Google Account credential unique from unrelated services and continue managing it securely with a password manager. | Y17: PR-003 | Z17: [PR-003] Gmail uses the Google Account credential (AST-018), where password reuse was recorded, but Remediation here says 'keep ... unique'. Consider aligning the text with AST-018, or marking AA-01 / AA-03 as N/A with 'covered by AST-018'.
A18: AST-014 | B18: =IF(A18="","",IFERROR(INDEX('Asset Register'!$B:$B,MATCH(A18,'Asset Register'!$A:$A,0)),"")) -> A-I02 | C18: =IF(A18="","",IFERROR(INDEX('Asset Register'!$E:$E,MATCH(A18,'Asset Register'!$A:$A,0)),"")) -> Gmail (secondary) | D18: =IF(A18="","",IFERROR(INDEX('Asset Register'!$D:$D,MATCH(A18,'Asset Register'!$A:$A,0)),"")) -> Identity & Email | E18: =IF(A18="","",IFERROR(INDEX('Asset Register'!$J:$J,MATCH(A18,'Asset Register'!$A:$A,0)),"")) -> High | F18: Implemented | G18: Implemented | H18: Implemented | I18: N/A | J18: N/A | K18: N/A | L18: N/A | M18: N/A | N18: =IF(COUNTA(F18:M18)=0,"",IF((COUNTIF(F18:M18,"Implemented")+COUNTIF(F18:M18,"Partial")+COUNTIF(F18:M18,"Not Implemented"))+COUNTIF(F18:M18,"??")=0,"N/A",IF((COUNTIF(F18:M18,"Implemented")+COUNTIF(F18:M18,"Partial")+COUNTIF(F18:M18,"Not Implemented"))=0,"??",IF(COUNTIF(F18:M18,"Implemented")=(COUNTIF(F18:M18,"Implemented")+COUNTIF(F18:M18,"Partial")+COUNTIF(F18:M18,"Not Implemented")),"Implemented",IF(COUNTIF(F18:M18,"Not Implemented")=(COUNTIF(F18:M18,"Implemented")+COUNTIF(F18:M18,"Partial")+COUNTIF(F18:M18,"Not Implemented")),"Not Implemented","Partial"))))) -> Implemented | O18: =IF(COUNTA(F18:M18)=0,"",(COUNTIF(F18:M18,"Implemented")+COUNTIF(F18:M18,"Partial")+COUNTIF(F18:M18,"Not Implemented"))) -> 3 | P18: =IF(COUNTA(F18:M18)=0,"",COUNTIF(F18:M18,"??")) -> 0 | Q18: =IF(COUNTA(F18:M18)=0,"",COUNTIF(F18:M18,"Partial")+COUNTIF(F18:M18,"Not Implemented")) -> 0 | R18: AA-01: Account purpose defined, or dormant account retired AA-03: MFA enabled and which method (passkey / authenticator app / SMS) AA-05: Active sessions, connected third-party apps, and shared access reviewed | S18: AA-01: Purpose documented or account deleted AA-03: Strongest MFA the service supports; SMS only if no alternative AA-05: Only current sessions / needed apps; reviewed quarterly | T18: Gmail uses the same password as the Google Account. The password is managed through the Google Account credential | U18: Reuse of the same credential across related services may increase account compromise risk if the credential is exposed. | V18: User confirmed Gmail uses the same password as the Google Account. | W18: Keep the Google Account credential unique from unrelated services and continue managing it securely with a password manager. | Y18: PR-011
A19: AST-015 | B19: =IF(A19="","",IFERROR(INDEX('Asset Register'!$B:$B,MATCH(A19,'Asset Register'!$A:$A,0)),"")) -> A-I03 | C19: =IF(A19="","",IFERROR(INDEX('Asset Register'!$E:$E,MATCH(A19,'Asset Register'!$A:$A,0)),"")) -> College email | D19: =IF(A19="","",IFERROR(INDEX('Asset Register'!$D:$D,MATCH(A19,'Asset Register'!$A:$A,0)),"")) -> Identity & Email | E19: =IF(A19="","",IFERROR(INDEX('Asset Register'!$J:$J,MATCH(A19,'Asset Register'!$A:$A,0)),"")) -> High | F19: Partial | G19: Implemented | H19: Partial | I19: N/A | J19: N/A | K19: N/A | L19: N/A | M19: N/A | N19: =IF(COUNTA(F19:M19)=0,"",IF((COUNTIF(F19:M19,"Implemented")+COUNTIF(F19:M19,"Partial")+COUNTIF(F19:M19,"Not Implemented"))+COUNTIF(F19:M19,"??")=0,"N/A",IF((COUNTIF(F19:M19,"Implemented")+COUNTIF(F19:M19,"Partial")+COUNTIF(F19:M19,"Not Implemented"))=0,"??",IF(COUNTIF(F19:M19,"Implemented")=(COUNTIF(F19:M19,"Implemented")+COUNTIF(F19:M19,"Partial")+COUNTIF(F19:M19,"Not Implemented")),"Implemented",IF(COUNTIF(F19:M19,"Not Implemented")=(COUNTIF(F19:M19,"Implemented")+COUNTIF(F19:M19,"Partial")+COUNTIF(F19:M19,"Not Implemented")),"Not Implemented","Partial"))))) -> Partial | O19: =IF(COUNTA(F19:M19)=0,"",(COUNTIF(F19:M19,"Implemented")+COUNTIF(F19:M19,"Partial")+COUNTIF(F19:M19,"Not Implemented"))) -> 3 | P19: =IF(COUNTA(F19:M19)=0,"",COUNTIF(F19:M19,"??")) -> 0 | Q19: =IF(COUNTA(F19:M19)=0,"",COUNTIF(F19:M19,"Partial")+COUNTIF(F19:M19,"Not Implemented")) -> 2 | R19: AA-01: Unique, strong password stored in password manager; not reused elsewhere; recovery email/phone current AA-03: MFA enabled and which method (passkey / authenticator app / SMS) AA-05: Active sessions, connected third-party apps, and shared access reviewed | S19: AA-01: Unique 16+ char password in password manager; recovery contacts verified AA-03: Strongest MFA the service supports; SMS only if no alternative AA-05: Only current sessions / needed apps; reviewed quarterly | T19: The college email uses a unique password, and MFA is enabled with an authenticator app. Active sessions, connected applications, and shared access have not yet been reviewed. Password manager use and recovery contact status remain unverified. | U19: Unreviewed sessions or connected applications may retain unnecessary access. If recovery information is outdated, account recovery could be more difficult. | V19: User confirmed that the password is not reused and authenticator-app MFA is enabled. Active sessions, connected applications, shared access, password manager use, and recovery contact status remain unverified. | W19: Verify recovery email and phone information, confirm secure password storage, and review active sessions and connected applications periodically.
A20: AST-016 | B20: =IF(A20="","",IFERROR(INDEX('Asset Register'!$B:$B,MATCH(A20,'Asset Register'!$A:$A,0)),"")) -> A-I04 | C20: =IF(A20="","",IFERROR(INDEX('Asset Register'!$E:$E,MATCH(A20,'Asset Register'!$A:$A,0)),"")) -> Outlook account | D20: =IF(A20="","",IFERROR(INDEX('Asset Register'!$D:$D,MATCH(A20,'Asset Register'!$A:$A,0)),"")) -> Identity & Email | E20: =IF(A20="","",IFERROR(INDEX('Asset Register'!$J:$J,MATCH(A20,'Asset Register'!$A:$A,0)),"")) -> Medium | F20: Partial | G20: Implemented | H20: Partial | I20: N/A | J20: N/A | K20: N/A | L20: N/A | M20: N/A | N20: =IF(COUNTA(F20:M20)=0,"",IF((COUNTIF(F20:M20,"Implemented")+COUNTIF(F20:M20,"Partial")+COUNTIF(F20:M20,"Not Implemented"))+COUNTIF(F20:M20,"??")=0,"N/A",IF((COUNTIF(F20:M20,"Implemented")+COUNTIF(F20:M20,"Partial")+COUNTIF(F20:M20,"Not Implemented"))=0,"??",IF(COUNTIF(F20:M20,"Implemented")=(COUNTIF(F20:M20,"Implemented")+COUNTIF(F20:M20,"Partial")+COUNTIF(F20:M20,"Not Implemented")),"Implemented",IF(COUNTIF(F20:M20,"Not Implemented")=(COUNTIF(F20:M20,"Implemented")+COUNTIF(F20:M20,"Partial")+COUNTIF(F20:M20,"Not Implemented")),"Not Implemented","Partial"))))) -> Partial | O20: =IF(COUNTA(F20:M20)=0,"",(COUNTIF(F20:M20,"Implemented")+COUNTIF(F20:M20,"Partial")+COUNTIF(F20:M20,"Not Implemented"))) -> 3 | P20: =IF(COUNTA(F20:M20)=0,"",COUNTIF(F20:M20,"??")) -> 0 | Q20: =IF(COUNTA(F20:M20)=0,"",COUNTIF(F20:M20,"Partial")+COUNTIF(F20:M20,"Not Implemented")) -> 2 | R20: AA-01: Unique, strong password stored in password manager; not reused elsewhere; recovery email/phone current AA-03: MFA enabled and which method (passkey / authenticator app / SMS) AA-05: Active sessions, connected third-party apps, and shared access reviewed | S20: AA-01: Unique 16+ char password in password manager; recovery contacts verified AA-03: Strongest MFA the service supports; SMS only if no alternative AA-05: Only current sessions / needed apps; reviewed quarterly | T20: The Outlook account credential is managed with a password manager, and passkey authentication is enabled. Active sessions, connected applications, and shared access have not yet been reviewed. Password reuse and recovery contact status remain unverified. | U20: Unreviewed sessions or applications could retain unnecessary access. Unverified recovery information or password reuse could increase account-compromise or recovery risk. | V20: User confirmed password manager use and passkey authentication. Active sessions, connected applications, shared access, password reuse, and recovery contact status remain unverified. | W20: Verify that the password is unique, confirm recovery email and phone information, and review active sessions and connected applications.
A21: AST-017 | B21: =IF(A21="","",IFERROR(INDEX('Asset Register'!$B:$B,MATCH(A21,'Asset Register'!$A:$A,0)),"")) -> A-I05 | C21: =IF(A21="","",IFERROR(INDEX('Asset Register'!$E:$E,MATCH(A21,'Asset Register'!$A:$A,0)),"")) -> Apple ID | D21: =IF(A21="","",IFERROR(INDEX('Asset Register'!$D:$D,MATCH(A21,'Asset Register'!$A:$A,0)),"")) -> Identity & Email | E21: =IF(A21="","",IFERROR(INDEX('Asset Register'!$J:$J,MATCH(A21,'Asset Register'!$A:$A,0)),"")) -> Critical | F21: Implemented | G21: Implemented | H21: Partial | I21: N/A | J21: N/A | K21: N/A | L21: N/A | M21: N/A | N21: =IF(COUNTA(F21:M21)=0,"",IF((COUNTIF(F21:M21,"Implemented")+COUNTIF(F21:M21,"Partial")+COUNTIF(F21:M21,"Not Implemented"))+COUNTIF(F21:M21,"??")=0,"N/A",IF((COUNTIF(F21:M21,"Implemented")+COUNTIF(F21:M21,"Partial")+COUNTIF(F21:M21,"Not Implemented"))=0,"??",IF(COUNTIF(F21:M21,"Implemented")=(COUNTIF(F21:M21,"Implemented")+COUNTIF(F21:M21,"Partial")+COUNTIF(F21:M21,"Not Implemented")),"Implemented",IF(COUNTIF(F21:M21,"Not Implemented")=(COUNTIF(F21:M21,"Implemented")+COUNTIF(F21:M21,"Partial")+COUNTIF(F21:M21,"Not Implemented")),"Not Implemented","Partial"))))) -> Partial | O21: =IF(COUNTA(F21:M21)=0,"",(COUNTIF(F21:M21,"Implemented")+COUNTIF(F21:M21,"Partial")+COUNTIF(F21:M21,"Not Implemented"))) -> 3 | P21: =IF(COUNTA(F21:M21)=0,"",COUNTIF(F21:M21,"??")) -> 0 | Q21: =IF(COUNTA(F21:M21)=0,"",COUNTIF(F21:M21,"Partial")+COUNTIF(F21:M21,"Not Implemented")) -> 1 | R21: AA-01: Unique, strong password stored in password manager; not reused elsewhere; recovery email/phone current; recovery key / recovery contact configured AA-03: Two-factor authentication method and trusted phone numbers AA-05: Trusted devices list and Family Sharing / shared access reviewed | S21: AA-01: Unique 16+ char password in password manager; recovery contacts verified; Recovery Key or Recovery Contact set AA-03: Phishing-resistant MFA (passkey / security key) or authenticator app; SMS removed as a factor; security keys registered for Apple ID AA-05: Only current devices listed; reviewed quarterly | T21: The Apple ID password was previously reused across multiple accounts and memorized. The password has since been changed to a new password. The recovery phone number has not been verified. No Recovery Contact or Recovery Key is configured. | U21: Weak recovery configuration may delay or complicate account recovery if access is lost. | V21: Password reuse was identified during the initial assessment. The password was later changed. Recovery phone number remains unverified, and no Recovery Contact or Recovery Key is configured | W21: Verify the trusted recovery phone number and configure an appropriate recovery method. | X21: F2 | Y21: PR-001, PR-013, PR-022 | Z21: [PR-001] AA-01: Current State does not say whether the new password is stored in the password manager or meets the 16+ char target; add that to confirm AA-01. AA-05: Detect sheet (old DE-041) records that the device list was reviewed and all devices were recognized — usable evidence for AA-05.
A22: AST-018 | B22: =IF(A22="","",IFERROR(INDEX('Asset Register'!$B:$B,MATCH(A22,'Asset Register'!$A:$A,0)),"")) -> A-I06 | C22: =IF(A22="","",IFERROR(INDEX('Asset Register'!$E:$E,MATCH(A22,'Asset Register'!$A:$A,0)),"")) -> Google Account | D22: =IF(A22="","",IFERROR(INDEX('Asset Register'!$D:$D,MATCH(A22,'Asset Register'!$A:$A,0)),"")) -> Identity & Email | E22: =IF(A22="","",IFERROR(INDEX('Asset Register'!$J:$J,MATCH(A22,'Asset Register'!$A:$A,0)),"")) -> Critical | F22: Partial | G22: Implemented | H22: Partial | I22: N/A | J22: N/A | K22: N/A | L22: N/A | M22: N/A | N22: =IF(COUNTA(F22:M22)=0,"",IF((COUNTIF(F22:M22,"Implemented")+COUNTIF(F22:M22,"Partial")+COUNTIF(F22:M22,"Not Implemented"))+COUNTIF(F22:M22,"??")=0,"N/A",IF((COUNTIF(F22:M22,"Implemented")+COUNTIF(F22:M22,"Partial")+COUNTIF(F22:M22,"Not Implemented"))=0,"??",IF(COUNTIF(F22:M22,"Implemented")=(COUNTIF(F22:M22,"Implemented")+COUNTIF(F22:M22,"Partial")+COUNTIF(F22:M22,"Not Implemented")),"Implemented",IF(COUNTIF(F22:M22,"Not Implemented")=(COUNTIF(F22:M22,"Implemented")+COUNTIF(F22:M22,"Partial")+COUNTIF(F22:M22,"Not Implemented")),"Not Implemented","Partial"))))) -> Partial | O22: =IF(COUNTA(F22:M22)=0,"",(COUNTIF(F22:M22,"Implemented")+COUNTIF(F22:M22,"Partial")+COUNTIF(F22:M22,"Not Implemented"))) -> 3 | P22: =IF(COUNTA(F22:M22)=0,"",COUNTIF(F22:M22,"??")) -> 0 | Q22: =IF(COUNTA(F22:M22)=0,"",COUNTIF(F22:M22,"Partial")+COUNTIF(F22:M22,"Not Implemented")) -> 2 | R22: AA-01: Unique, strong password stored in password manager; not reused elsewhere; recovery email/phone current AA-03: 2-Step Verification method (SMS / app / passkey) AA-05: Third-party apps with Google Account access reviewed and pruned | S22: AA-01: Unique 16+ char password in password manager; recovery contacts verified; backup codes stored offline AA-03: Phishing-resistant MFA (passkey / security key) or authenticator app; SMS removed as a factor AA-05: Unused third-party access removed; reviewed quarterly | T22: The Google Account password is reused across other services but is stored in a password manager. The recovery email is current, but the recovery phone number is outdated. Backup codes have not been saved. Two-Step Verification is enabled with a passkey, and SMS is not used as an authentication factor. Some suspicious or unfamiliar third-party applications were identified, and unused connections have not yet been removed | U22: Password reuse increases the risk of credential stuffing. Outdated recovery information and missing backup codes may complicate account recovery. Unnecessary third-party access may also increase the attack surface. | V22: User confirmed password reuse, password manager use, current recovery email, outdated recovery phone number, no saved backup codes, passkey-based 2-Step Verification, no SMS authentication, and unused or questionable third-party connections. | W22: Change the password to a unique password, update the recovery phone number, generate and securely store backup codes, and remove unused or unfamiliar third-party applications. | X22: F3 | Y22: PR-002, PR-014, PR-023 | Z22: [PR-002] Text also covers other columns: passkey 2-Step Verification with no SMS -> AA-03 looks Implemented; unfamiliar third-party apps not yet removed -> AA-05 looks Partial. Those columns are left as ?? for you to decide.
A23: AST-019 | B23: =IF(A23="","",IFERROR(INDEX('Asset Register'!$B:$B,MATCH(A23,'Asset Register'!$A:$A,0)),"")) -> A-I07 | C23: =IF(A23="","",IFERROR(INDEX('Asset Register'!$E:$E,MATCH(A23,'Asset Register'!$A:$A,0)),"")) -> Microsoft 365 (institution-provided) | D23: =IF(A23="","",IFERROR(INDEX('Asset Register'!$D:$D,MATCH(A23,'Asset Register'!$A:$A,0)),"")) -> Identity & Email | E23: =IF(A23="","",IFERROR(INDEX('Asset Register'!$J:$J,MATCH(A23,'Asset Register'!$A:$A,0)),"")) -> Medium | F23: Partial | G23: Partial | H23: Partial | I23: N/A | J23: N/A | K23: N/A | L23: N/A | M23: N/A | N23: =IF(COUNTA(F23:M23)=0,"",IF((COUNTIF(F23:M23,"Implemented")+COUNTIF(F23:M23,"Partial")+COUNTIF(F23:M23,"Not Implemented"))+COUNTIF(F23:M23,"??")=0,"N/A",IF((COUNTIF(F23:M23,"Implemented")+COUNTIF(F23:M23,"Partial")+COUNTIF(F23:M23,"Not Implemented"))=0,"??",IF(COUNTIF(F23:M23,"Implemented")=(COUNTIF(F23:M23,"Implemented")+COUNTIF(F23:M23,"Partial")+COUNTIF(F23:M23,"Not Implemented")),"Implemented",IF(COUNTIF(F23:M23,"Not Implemented")=(COUNTIF(F23:M23,"Implemented")+COUNTIF(F23:M23,"Partial")+COUNTIF(F23:M23,"Not Implemented")),"Not Implemented","Partial"))))) -> Partial | O23: =IF(COUNTA(F23:M23)=0,"",(COUNTIF(F23:M23,"Implemented")+COUNTIF(F23:M23,"Partial")+COUNTIF(F23:M23,"Not Implemented"))) -> 3 | P23: =IF(COUNTA(F23:M23)=0,"",COUNTIF(F23:M23,"??")) -> 0 | Q23: =IF(COUNTA(F23:M23)=0,"",COUNTIF(F23:M23,"Partial")+COUNTIF(F23:M23,"Not Implemented")) -> 3 | R23: AA-01: Unique, strong password stored in password manager; not reused elsewhere; recovery email/phone current AA-03: MFA enabled and which method (passkey / authenticator app / SMS) AA-05: Active sessions, connected third-party apps, and shared access reviewed | S23: AA-01: Unique 16+ char password in password manager; recovery contacts verified AA-03: Strongest MFA the service supports; SMS only if no alternative AA-05: Only current sessions / needed apps; reviewed quarterly | T23: The Microsoft 365 account is institution-provided and managed by the college. Password reuse, password-manager use, recovery methods, MFA configuration, active sessions, connected applications, and shared access have not yet been verified. | U23: Unverified authentication and access settings may leave unknown security gaps. Because some controls are managed by the institution, the user may also have limited visibility or ability to change them. | V23: User confirmed that password and recovery settings are unverified, MFA status and method are unverified, and active sessions, connected applications, and shared access have not been reviewed. | W23: Review the Microsoft 365 security settings available to the user, verify MFA status and recovery methods, and review active sessions and connected applications.
A24: AST-020 | B24: =IF(A24="","",IFERROR(INDEX('Asset Register'!$B:$B,MATCH(A24,'Asset Register'!$A:$A,0)),"")) -> A-E01 | C24: =IF(A24="","",IFERROR(INDEX('Asset Register'!$E:$E,MATCH(A24,'Asset Register'!$A:$A,0)),"")) -> College student portal | D24: =IF(A24="","",IFERROR(INDEX('Asset Register'!$D:$D,MATCH(A24,'Asset Register'!$A:$A,0)),"")) -> Education & Learning | E24: =IF(A24="","",IFERROR(INDEX('Asset Register'!$J:$J,MATCH(A24,'Asset Register'!$A:$A,0)),"")) -> Critical | F24: Partial | G24: Implemented | H24: Partial | I24: N/A | J24: N/A | K24: N/A | L24: N/A | M24: N/A | N24: =IF(COUNTA(F24:M24)=0,"",IF((COUNTIF(F24:M24,"Implemented")+COUNTIF(F24:M24,"Partial")+COUNTIF(F24:M24,"Not Implemented"))+COUNTIF(F24:M24,"??")=0,"N/A",IF((COUNTIF(F24:M24,"Implemented")+COUNTIF(F24:M24,"Partial")+COUNTIF(F24:M24,"Not Implemented"))=0,"??",IF(COUNTIF(F24:M24,"Implemented")=(COUNTIF(F24:M24,"Implemented")+COUNTIF(F24:M24,"Partial")+COUNTIF(F24:M24,"Not Implemented")),"Implemented",IF(COUNTIF(F24:M24,"Not Implemented")=(COUNTIF(F24:M24,"Implemented")+COUNTIF(F24:M24,"Partial")+COUNTIF(F24:M24,"Not Implemented")),"Not Implemented","Partial"))))) -> Partial | O24: =IF(COUNTA(F24:M24)=0,"",(COUNTIF(F24:M24,"Implemented")+COUNTIF(F24:M24,"Partial")+COUNTIF(F24:M24,"Not Implemented"))) -> 3 | P24: =IF(COUNTA(F24:M24)=0,"",COUNTIF(F24:M24,"??")) -> 0 | Q24: =IF(COUNTA(F24:M24)=0,"",COUNTIF(F24:M24,"Partial")+COUNTIF(F24:M24,"Not Implemented")) -> 2 | R24: AA-01: Unique, strong password stored in password manager; not reused elsewhere; recovery email/phone current AA-03: MFA enabled and which method (passkey / authenticator app / SMS) AA-05: Active sessions, connected third-party apps, and shared access reviewed | S24: AA-01: Unique 16+ char password in password manager; recovery contacts verified AA-03: Strongest MFA the service supports; SMS only if no alternative AA-05: Only current sessions / needed apps; reviewed quarterly | T24: The college student portal credential is managed with a password manager, and MFA is enabled with an authenticator app. Active sessions, connected applications, and shared access have not yet been reviewed. Password reuse and recovery contact status remain unverified. | U24: Unreviewed sessions or connected applications may retain unnecessary access. If recovery information is outdated or the password is reused, account compromise or recovery risk may increase. | V24: User confirmed password manager use and authenticator-app MFA. Active sessions, connected applications, shared access, password reuse, and recovery contact status remain unverified. | W24: Verify that the password is unique, confirm recovery email and phone information, and review active sessions and connected applications periodically. | Y24: PR-010
A25: AST-021 | B25: =IF(A25="","",IFERROR(INDEX('Asset Register'!$B:$B,MATCH(A25,'Asset Register'!$A:$A,0)),"")) -> A-E02 | C25: =IF(A25="","",IFERROR(INDEX('Asset Register'!$E:$E,MATCH(A25,'Asset Register'!$A:$A,0)),"")) -> Learning management system | D25: =IF(A25="","",IFERROR(INDEX('Asset Register'!$D:$D,MATCH(A25,'Asset Register'!$A:$A,0)),"")) -> Education & Learning | E25: =IF(A25="","",IFERROR(INDEX('Asset Register'!$J:$J,MATCH(A25,'Asset Register'!$A:$A,0)),"")) -> High | F25: Partial | G25: Partial | H25: Partial | I25: N/A | J25: N/A | K25: N/A | L25: N/A | M25: N/A | N25: =IF(COUNTA(F25:M25)=0,"",IF((COUNTIF(F25:M25,"Implemented")+COUNTIF(F25:M25,"Partial")+COUNTIF(F25:M25,"Not Implemented"))+COUNTIF(F25:M25,"??")=0,"N/A",IF((COUNTIF(F25:M25,"Implemented")+COUNTIF(F25:M25,"Partial")+COUNTIF(F25:M25,"Not Implemented"))=0,"??",IF(COUNTIF(F25:M25,"Implemented")=(COUNTIF(F25:M25,"Implemented")+COUNTIF(F25:M25,"Partial")+COUNTIF(F25:M25,"Not Implemented")),"Implemented",IF(COUNTIF(F25:M25,"Not Implemented")=(COUNTIF(F25:M25,"Implemented")+COUNTIF(F25:M25,"Partial")+COUNTIF(F25:M25,"Not Implemented")),"Not Implemented","Partial"))))) -> Partial | O25: =IF(COUNTA(F25:M25)=0,"",(COUNTIF(F25:M25,"Implemented")+COUNTIF(F25:M25,"Partial")+COUNTIF(F25:M25,"Not Implemented"))) -> 3 | P25: =IF(COUNTA(F25:M25)=0,"",COUNTIF(F25:M25,"??")) -> 0 | Q25: =IF(COUNTA(F25:M25)=0,"",COUNTIF(F25:M25,"Partial")+COUNTIF(F25:M25,"Not Implemented")) -> 3 | R25: AA-01: Unique, strong password stored in password manager; not reused elsewhere; recovery email/phone current AA-03: MFA enabled and which method (passkey / authenticator app / SMS) AA-05: Active sessions, connected third-party apps, and shared access reviewed | S25: AA-01: Unique 16+ char password in password manager; recovery contacts verified AA-03: Strongest MFA the service supports; SMS only if no alternative AA-05: Only current sessions / needed apps; reviewed quarterly | T25: Password reuse, password-manager use, recovery information, MFA configuration, active sessions, connected applications, and shared access have not yet been verified for the learning management system. | U25: Unverified authentication and access settings may leave unknown security gaps. If the password is reused or MFA is not enabled, account compromise risk may be higher. | V25: User confirmed that password and recovery settings are unverified, MFA status is unverified, and active sessions, connected applications, and shared access have not been reviewed. | W25: Verify password uniqueness, recovery information, MFA status, active sessions, and connected applications. Enable the strongest available MFA method if supported
A26: AST-022 | B26: =IF(A26="","",IFERROR(INDEX('Asset Register'!$B:$B,MATCH(A26,'Asset Register'!$A:$A,0)),"")) -> A-E03 | C26: =IF(A26="","",IFERROR(INDEX('Asset Register'!$E:$E,MATCH(A26,'Asset Register'!$A:$A,0)),"")) -> English proficiency test account | D26: =IF(A26="","",IFERROR(INDEX('Asset Register'!$D:$D,MATCH(A26,'Asset Register'!$A:$A,0)),"")) -> Education & Learning | E26: =IF(A26="","",IFERROR(INDEX('Asset Register'!$J:$J,MATCH(A26,'Asset Register'!$A:$A,0)),"")) -> Medium | F26: Partial | G26: Partial | H26: Partial | I26: N/A | J26: N/A | K26: N/A | L26: N/A | M26: N/A | N26: =IF(COUNTA(F26:M26)=0,"",IF((COUNTIF(F26:M26,"Implemented")+COUNTIF(F26:M26,"Partial")+COUNTIF(F26:M26,"Not Implemented"))+COUNTIF(F26:M26,"??")=0,"N/A",IF((COUNTIF(F26:M26,"Implemented")+COUNTIF(F26:M26,"Partial")+COUNTIF(F26:M26,"Not Implemented"))=0,"??",IF(COUNTIF(F26:M26,"Implemented")=(COUNTIF(F26:M26,"Implemented")+COUNTIF(F26:M26,"Partial")+COUNTIF(F26:M26,"Not Implemented")),"Implemented",IF(COUNTIF(F26:M26,"Not Implemented")=(COUNTIF(F26:M26,"Implemented")+COUNTIF(F26:M26,"Partial")+COUNTIF(F26:M26,"Not Implemented")),"Not Implemented","Partial"))))) -> Partial | O26: =IF(COUNTA(F26:M26)=0,"",(COUNTIF(F26:M26,"Implemented")+COUNTIF(F26:M26,"Partial")+COUNTIF(F26:M26,"Not Implemented"))) -> 3 | P26: =IF(COUNTA(F26:M26)=0,"",COUNTIF(F26:M26,"??")) -> 0 | Q26: =IF(COUNTA(F26:M26)=0,"",COUNTIF(F26:M26,"Partial")+COUNTIF(F26:M26,"Not Implemented")) -> 3 | R26: AA-01: Unique, strong password stored in password manager; not reused elsewhere; recovery email/phone current AA-03: MFA enabled and which method (passkey / authenticator app / SMS) AA-05: Active sessions, connected third-party apps, and shared access reviewed | S26: AA-01: Unique 16+ char password in password manager; recovery contacts verified AA-03: Strongest MFA the service supports; SMS only if no alternative AA-05: Only current sessions / needed apps; reviewed quarterly | T26: The password may be reused across other services. Password-manager use, recovery information, MFA configuration, active sessions, connected applications, and shared access have not yet been verified. | U26: Password reuse may increase the risk of credential-stuffing attacks. Unverified MFA and access settings may leave additional account-security gaps. | V26: User indicated that the password may be reused. MFA status, password-manager use, recovery information, active sessions, connected applications, and shared access remain unverified. | W26: Change the password to a unique password, store it in a password manager, verify recovery information, enable the strongest available MFA method, and review active sessions.
A27: AST-023 | B27: =IF(A27="","",IFERROR(INDEX('Asset Register'!$B:$B,MATCH(A27,'Asset Register'!$A:$A,0)),"")) -> A-E04 | C27: =IF(A27="","",IFERROR(INDEX('Asset Register'!$E:$E,MATCH(A27,'Asset Register'!$A:$A,0)),"")) -> Programming learning platform | D27: =IF(A27="","",IFERROR(INDEX('Asset Register'!$D:$D,MATCH(A27,'Asset Register'!$A:$A,0)),"")) -> Education & Learning | E27: =IF(A27="","",IFERROR(INDEX('Asset Register'!$J:$J,MATCH(A27,'Asset Register'!$A:$A,0)),"")) -> Low | F27: Partial | G27: Partial | H27: Partial | I27: N/A | J27: N/A | K27: N/A | L27: N/A | M27: N/A | N27: =IF(COUNTA(F27:M27)=0,"",IF((COUNTIF(F27:M27,"Implemented")+COUNTIF(F27:M27,"Partial")+COUNTIF(F27:M27,"Not Implemented"))+COUNTIF(F27:M27,"??")=0,"N/A",IF((COUNTIF(F27:M27,"Implemented")+COUNTIF(F27:M27,"Partial")+COUNTIF(F27:M27,"Not Implemented"))=0,"??",IF(COUNTIF(F27:M27,"Implemented")=(COUNTIF(F27:M27,"Implemented")+COUNTIF(F27:M27,"Partial")+COUNTIF(F27:M27,"Not Implemented")),"Implemented",IF(COUNTIF(F27:M27,"Not Implemented")=(COUNTIF(F27:M27,"Implemented")+COUNTIF(F27:M27,"Partial")+COUNTIF(F27:M27,"Not Implemented")),"Not Implemented","Partial"))))) -> Partial | O27: =IF(COUNTA(F27:M27)=0,"",(COUNTIF(F27:M27,"Implemented")+COUNTIF(F27:M27,"Partial")+COUNTIF(F27:M27,"Not Implemented"))) -> 3 | P27: =IF(COUNTA(F27:M27)=0,"",COUNTIF(F27:M27,"??")) -> 0 | Q27: =IF(COUNTA(F27:M27)=0,"",COUNTIF(F27:M27,"Partial")+COUNTIF(F27:M27,"Not Implemented")) -> 3 | R27: AA-01: Unique, strong password stored in password manager; not reused elsewhere; recovery email/phone current AA-03: MFA enabled and which method (passkey / authenticator app / SMS) AA-05: Active sessions, connected third-party apps, and shared access reviewed | S27: AA-01: Unique 16+ char password in password manager; recovery contacts verified AA-03: Strongest MFA the service supports; SMS only if no alternative AA-05: Only current sessions / needed apps; reviewed quarterly | T27: The password may be reused across other services. Password-manager use, recovery information, MFA configuration, active sessions, connected applications, and shared access have not yet been verified. | U27: Password reuse may increase the risk of credential-stuffing attacks. Unverified MFA and access settings may leave additional account-security gaps. | V27: User indicated that the password is probably reused. MFA status, password-manager use, recovery information, active sessions, connected applications, and shared access remain unverified. | W27: Change the password to a unique password, store it in a password manager, verify recovery information, enable MFA if available, and review active sessions and connected applications.
A28: AST-024 | B28: =IF(A28="","",IFERROR(INDEX('Asset Register'!$B:$B,MATCH(A28,'Asset Register'!$A:$A,0)),"")) -> A-E05 | C28: =IF(A28="","",IFERROR(INDEX('Asset Register'!$E:$E,MATCH(A28,'Asset Register'!$A:$A,0)),"")) -> TryHackMe | D28: =IF(A28="","",IFERROR(INDEX('Asset Register'!$D:$D,MATCH(A28,'Asset Register'!$A:$A,0)),"")) -> Education & Learning | E28: =IF(A28="","",IFERROR(INDEX('Asset Register'!$J:$J,MATCH(A28,'Asset Register'!$A:$A,0)),"")) -> Low | F28: Partial | G28: Implemented | H28: Partial | I28: N/A | J28: N/A | K28: N/A | L28: N/A | M28: N/A | N28: =IF(COUNTA(F28:M28)=0,"",IF((COUNTIF(F28:M28,"Implemented")+COUNTIF(F28:M28,"Partial")+COUNTIF(F28:M28,"Not Implemented"))+COUNTIF(F28:M28,"??")=0,"N/A",IF((COUNTIF(F28:M28,"Implemented")+COUNTIF(F28:M28,"Partial")+COUNTIF(F28:M28,"Not Implemented"))=0,"??",IF(COUNTIF(F28:M28,"Implemented")=(COUNTIF(F28:M28,"Implemented")+COUNTIF(F28:M28,"Partial")+COUNTIF(F28:M28,"Not Implemented")),"Implemented",IF(COUNTIF(F28:M28,"Not Implemented")=(COUNTIF(F28:M28,"Implemented")+COUNTIF(F28:M28,"Partial")+COUNTIF(F28:M28,"Not Implemented")),"Not Implemented","Partial"))))) -> Partial | O28: =IF(COUNTA(F28:M28)=0,"",(COUNTIF(F28:M28,"Implemented")+COUNTIF(F28:M28,"Partial")+COUNTIF(F28:M28,"Not Implemented"))) -> 3 | P28: =IF(COUNTA(F28:M28)=0,"",COUNTIF(F28:M28,"??")) -> 0 | Q28: =IF(COUNTA(F28:M28)=0,"",COUNTIF(F28:M28,"Partial")+COUNTIF(F28:M28,"Not Implemented")) -> 2 | R28: AA-01: Unique, strong password stored in password manager; not reused elsewhere; recovery email/phone current AA-03: MFA enabled and which method (passkey / authenticator app / SMS) AA-05: Active sessions, connected third-party apps, and shared access reviewed | S28: AA-01: Unique 16+ char password in password manager; recovery contacts verified AA-03: Strongest MFA the service supports; SMS only if no alternative AA-05: Only current sessions / needed apps; reviewed quarterly | T28: The TryHackMe credential is managed with a password manager, and passkey authentication is enabled. Active sessions, connected applications, and shared access have not yet been reviewed. | U28: Unreviewed sessions or connected applications may retain unnecessary access. If the password is reused or recovery information is outdated, account compromise or recovery risk may increase. | V28: User confirmed password manager use and passkey authentication. Active sessions, connected applications, shared access, password reuse, and recovery contact status remain unverified. | W28: Verify that the password is unique, confirm recovery information, and review active sessions and connected applications periodically.
A29: AST-025 | B29: =IF(A29="","",IFERROR(INDEX('Asset Register'!$B:$B,MATCH(A29,'Asset Register'!$A:$A,0)),"")) -> A-E06 | C29: =IF(A29="","",IFERROR(INDEX('Asset Register'!$E:$E,MATCH(A29,'Asset Register'!$A:$A,0)),"")) -> Language learning app | D29: =IF(A29="","",IFERROR(INDEX('Asset Register'!$D:$D,MATCH(A29,'Asset Register'!$A:$A,0)),"")) -> Education & Learning | E29: =IF(A29="","",IFERROR(INDEX('Asset Register'!$J:$J,MATCH(A29,'Asset Register'!$A:$A,0)),"")) -> Low | F29: Partial | G29: Partial | H29: Partial | I29: N/A | J29: N/A | K29: N/A | L29: N/A | M29: N/A | N29: =IF(COUNTA(F29:M29)=0,"",IF((COUNTIF(F29:M29,"Implemented")+COUNTIF(F29:M29,"Partial")+COUNTIF(F29:M29,"Not Implemented"))+COUNTIF(F29:M29,"??")=0,"N/A",IF((COUNTIF(F29:M29,"Implemented")+COUNTIF(F29:M29,"Partial")+COUNTIF(F29:M29,"Not Implemented"))=0,"??",IF(COUNTIF(F29:M29,"Implemented")=(COUNTIF(F29:M29,"Implemented")+COUNTIF(F29:M29,"Partial")+COUNTIF(F29:M29,"Not Implemented")),"Implemented",IF(COUNTIF(F29:M29,"Not Implemented")=(COUNTIF(F29:M29,"Implemented")+COUNTIF(F29:M29,"Partial")+COUNTIF(F29:M29,"Not Implemented")),"Not Implemented","Partial"))))) -> Partial | O29: =IF(COUNTA(F29:M29)=0,"",(COUNTIF(F29:M29,"Implemented")+COUNTIF(F29:M29,"Partial")+COUNTIF(F29:M29,"Not Implemented"))) -> 3 | P29: =IF(COUNTA(F29:M29)=0,"",COUNTIF(F29:M29,"??")) -> 0 | Q29: =IF(COUNTA(F29:M29)=0,"",COUNTIF(F29:M29,"Partial")+COUNTIF(F29:M29,"Not Implemented")) -> 3 | R29: AA-01: Unique, strong password stored in password manager; not reused elsewhere; recovery email/phone current AA-03: MFA enabled and which method (passkey / authenticator app / SMS) AA-05: Active sessions, connected third-party apps, and shared access reviewed | S29: AA-01: Unique 16+ char password in password manager; recovery contacts verified AA-03: Strongest MFA the service supports; SMS only if no alternative AA-05: Only current sessions / needed apps; reviewed quarterly | T29: The account uses a password that is not reused across other services. Password-manager use, recovery information, MFA configuration, active sessions, connected applications, and shared access have not yet been verified | U29: Unverified MFA and access settings may leave unknown security gaps. Outdated recovery information could also make account recovery more difficult. | V29: User confirmed that the password is not reused. Password-manager use, recovery information, MFA status, active sessions, connected applications, and shared access remain unverified. | W29: Verify password-manager use and recovery information, enable MFA if available, and review active sessions and connected applications.
A30: AST-026 | B30: =IF(A30="","",IFERROR(INDEX('Asset Register'!$B:$B,MATCH(A30,'Asset Register'!$A:$A,0)),"")) -> A-E07 | C30: =IF(A30="","",IFERROR(INDEX('Asset Register'!$E:$E,MATCH(A30,'Asset Register'!$A:$A,0)),"")) -> ChatGPT | D30: =IF(A30="","",IFERROR(INDEX('Asset Register'!$D:$D,MATCH(A30,'Asset Register'!$A:$A,0)),"")) -> Education & Learning | E30: =IF(A30="","",IFERROR(INDEX('Asset Register'!$J:$J,MATCH(A30,'Asset Register'!$A:$A,0)),"")) -> Medium | F30: Partial | G30: Implemented | H30: Partial | I30: N/A | J30: N/A | K30: N/A | L30: N/A | M30: N/A | N30: =IF(COUNTA(F30:M30)=0,"",IF((COUNTIF(F30:M30,"Implemented")+COUNTIF(F30:M30,"Partial")+COUNTIF(F30:M30,"Not Implemented"))+COUNTIF(F30:M30,"??")=0,"N/A",IF((COUNTIF(F30:M30,"Implemented")+COUNTIF(F30:M30,"Partial")+COUNTIF(F30:M30,"Not Implemented"))=0,"??",IF(COUNTIF(F30:M30,"Implemented")=(COUNTIF(F30:M30,"Implemented")+COUNTIF(F30:M30,"Partial")+COUNTIF(F30:M30,"Not Implemented")),"Implemented",IF(COUNTIF(F30:M30,"Not Implemented")=(COUNTIF(F30:M30,"Implemented")+COUNTIF(F30:M30,"Partial")+COUNTIF(F30:M30,"Not Implemented")),"Not Implemented","Partial"))))) -> Partial | O30: =IF(COUNTA(F30:M30)=0,"",(COUNTIF(F30:M30,"Implemented")+COUNTIF(F30:M30,"Partial")+COUNTIF(F30:M30,"Not Implemented"))) -> 3 | P30: =IF(COUNTA(F30:M30)=0,"",COUNTIF(F30:M30,"??")) -> 0 | Q30: =IF(COUNTA(F30:M30)=0,"",COUNTIF(F30:M30,"Partial")+COUNTIF(F30:M30,"Not Implemented")) -> 2 | R30: AA-01: Unique, strong password stored in password manager; not reused elsewhere; recovery email/phone current AA-03: MFA enabled and which method (passkey / authenticator app / SMS) AA-05: Active sessions, connected third-party apps, and shared access reviewed | S30: AA-01: Unique 16+ char password in password manager; recovery contacts verified AA-03: Strongest MFA the service supports; SMS only if no alternative AA-05: Only current sessions / needed apps; reviewed quarterly | T30: ChatGPT is accessed using Google sign-in rather than a separate ChatGPT password. Passkey authentication is enabled. Active sessions and connected applications or services have not yet been reviewed. | U30: Because access depends on the Google Account, compromise of that account could also affect ChatGPT access. Unreviewed sessions or connected services may retain unnecessary access. | V30: User confirmed Google sign-in is used, no separate reused ChatGPT password is used, and passkey authentication is enabled. Active sessions and connected applications or services remain unverified. | W30: Keep the Google Account strongly protected and review ChatGPT active sessions and connected services periodically. Remove any session or connection that is no longer needed.
A31: AST-027 | B31: =IF(A31="","",IFERROR(INDEX('Asset Register'!$B:$B,MATCH(A31,'Asset Register'!$A:$A,0)),"")) -> A-E08 | C31: =IF(A31="","",IFERROR(INDEX('Asset Register'!$E:$E,MATCH(A31,'Asset Register'!$A:$A,0)),"")) -> Claude | D31: =IF(A31="","",IFERROR(INDEX('Asset Register'!$D:$D,MATCH(A31,'Asset Register'!$A:$A,0)),"")) -> Education & Learning | E31: =IF(A31="","",IFERROR(INDEX('Asset Register'!$J:$J,MATCH(A31,'Asset Register'!$A:$A,0)),"")) -> Medium | F31: Partial | G31: Implemented | H31: Implemented | I31: N/A | J31: N/A | K31: N/A | L31: N/A | M31: N/A | N31: =IF(COUNTA(F31:M31)=0,"",IF((COUNTIF(F31:M31,"Implemented")+COUNTIF(F31:M31,"Partial")+COUNTIF(F31:M31,"Not Implemented"))+COUNTIF(F31:M31,"??")=0,"N/A",IF((COUNTIF(F31:M31,"Implemented")+COUNTIF(F31:M31,"Partial")+COUNTIF(F31:M31,"Not Implemented"))=0,"??",IF(COUNTIF(F31:M31,"Implemented")=(COUNTIF(F31:M31,"Implemented")+COUNTIF(F31:M31,"Partial")+COUNTIF(F31:M31,"Not Implemented")),"Implemented",IF(COUNTIF(F31:M31,"Not Implemented")=(COUNTIF(F31:M31,"Implemented")+COUNTIF(F31:M31,"Partial")+COUNTIF(F31:M31,"Not Implemented")),"Not Implemented","Partial"))))) -> Partial | O31: =IF(COUNTA(F31:M31)=0,"",(COUNTIF(F31:M31,"Implemented")+COUNTIF(F31:M31,"Partial")+COUNTIF(F31:M31,"Not Implemented"))) -> 3 | P31: =IF(COUNTA(F31:M31)=0,"",COUNTIF(F31:M31,"??")) -> 0 | Q31: =IF(COUNTA(F31:M31)=0,"",COUNTIF(F31:M31,"Partial")+COUNTIF(F31:M31,"Not Implemented")) -> 1 | R31: AA-01: Unique, strong password stored in password manager; not reused elsewhere; recovery email/phone current AA-03: MFA enabled and which method (passkey / authenticator app / SMS) AA-05: Active sessions, connected third-party apps, and shared access reviewed | S31: AA-01: Unique 16+ char password in password manager; recovery contacts verified AA-03: Strongest MFA the service supports; SMS only if no alternative AA-05: Only current sessions / needed apps; reviewed quarterly | T31: Claude is accessed using Google sign-in rather than a separate Claude password. Passkey authentication is enabled. Active sessions, connected applications, and shared access have not yet been reviewed. | U31: Because access depends on the Google Account, compromise of that account could also affect Claude access. Unreviewed sessions or connected services may retain unnecessary access. | V31: User confirmed Google sign-in, no separate reused Claude password, and passkey authentication. Active sessions, connected applications, and shared access remain unverified. | W31: Keep the Google Account strongly protected and review Claude active sessions and connected services periodically. Remove anything that is no longer needed.
A32: AST-032 | B32: =IF(A32="","",IFERROR(INDEX('Asset Register'!$B:$B,MATCH(A32,'Asset Register'!$A:$A,0)),"")) -> A-J03 | C32: =IF(A32="","",IFERROR(INDEX('Asset Register'!$E:$E,MATCH(A32,'Asset Register'!$A:$A,0)),"")) -> Internship platform A | D32: =IF(A32="","",IFERROR(INDEX('Asset Register'!$D:$D,MATCH(A32,'Asset Register'!$A:$A,0)),"")) -> Job Hunting & Professional | E32: =IF(A32="","",IFERROR(INDEX('Asset Register'!$J:$J,MATCH(A32,'Asset Register'!$A:$A,0)),"")) -> High | F32: Partial | G32: Partial | H32: Partial | I32: N/A | J32: N/A | K32: N/A | L32: N/A | M32: N/A | N32: =IF(COUNTA(F32:M32)=0,"",IF((COUNTIF(F32:M32,"Implemented")+COUNTIF(F32:M32,"Partial")+COUNTIF(F32:M32,"Not Implemented"))+COUNTIF(F32:M32,"??")=0,"N/A",IF((COUNTIF(F32:M32,"Implemented")+COUNTIF(F32:M32,"Partial")+COUNTIF(F32:M32,"Not Implemented"))=0,"??",IF(COUNTIF(F32:M32,"Implemented")=(COUNTIF(F32:M32,"Implemented")+COUNTIF(F32:M32,"Partial")+COUNTIF(F32:M32,"Not Implemented")),"Implemented",IF(COUNTIF(F32:M32,"Not Implemented")=(COUNTIF(F32:M32,"Implemented")+COUNTIF(F32:M32,"Partial")+COUNTIF(F32:M32,"Not Implemented")),"Not Implemented","Partial"))))) -> Partial | O32: =IF(COUNTA(F32:M32)=0,"",(COUNTIF(F32:M32,"Implemented")+COUNTIF(F32:M32,"Partial")+COUNTIF(F32:M32,"Not Implemented"))) -> 3 | P32: =IF(COUNTA(F32:M32)=0,"",COUNTIF(F32:M32,"??")) -> 0 | Q32: =IF(COUNTA(F32:M32)=0,"",COUNTIF(F32:M32,"Partial")+COUNTIF(F32:M32,"Not Implemented")) -> 3 | R32: AA-01: Unique, strong password stored in password manager; not reused elsewhere; recovery email/phone current AA-03: MFA enabled and which method (passkey / authenticator app / SMS) AA-05: Active sessions, connected third-party apps, and shared access reviewed | S32: AA-01: Unique 16+ char password in password manager; recovery contacts verified AA-03: Strongest MFA the service supports; SMS only if no alternative AA-05: Only current sessions / needed apps; reviewed quarterly | T32: Password uniqueness, password-manager use, recovery information, MFA configuration, active sessions, connected applications, and shared access have not yet been verified for the internship platform. | U32: Unverified authentication and access settings may leave unknown security gaps. If the password is reused or MFA is not enabled, account-compromise risk may increase. | V32: User confirmed that password and recovery settings are unverified, MFA status is unverified, and active sessions, connected applications, and shared access have not been reviewed. | W32: Verify password uniqueness, recovery information, MFA availability, active sessions, and connected applications. Enable the strongest available MFA method if supported.
A33: AST-034 | B33: =IF(A33="","",IFERROR(INDEX('Asset Register'!$B:$B,MATCH(A33,'Asset Register'!$A:$A,0)),"")) -> A-J05 | C33: =IF(A33="","",IFERROR(INDEX('Asset Register'!$E:$E,MATCH(A33,'Asset Register'!$A:$A,0)),"")) -> LinkedIn | D33: =IF(A33="","",IFERROR(INDEX('Asset Register'!$D:$D,MATCH(A33,'Asset Register'!$A:$A,0)),"")) -> Job Hunting & Professional | E33: =IF(A33="","",IFERROR(INDEX('Asset Register'!$J:$J,MATCH(A33,'Asset Register'!$A:$A,0)),"")) -> Critical | F33: Implemented | G33: Partial | H33: Implemented | I33: N/A | J33: N/A | K33: N/A | L33: N/A | M33: N/A | N33: =IF(COUNTA(F33:M33)=0,"",IF((COUNTIF(F33:M33,"Implemented")+COUNTIF(F33:M33,"Partial")+COUNTIF(F33:M33,"Not Implemented"))+COUNTIF(F33:M33,"??")=0,"N/A",IF((COUNTIF(F33:M33,"Implemented")+COUNTIF(F33:M33,"Partial")+COUNTIF(F33:M33,"Not Implemented"))=0,"??",IF(COUNTIF(F33:M33,"Implemented")=(COUNTIF(F33:M33,"Implemented")+COUNTIF(F33:M33,"Partial")+COUNTIF(F33:M33,"Not Implemented")),"Implemented",IF(COUNTIF(F33:M33,"Not Implemented")=(COUNTIF(F33:M33,"Implemented")+COUNTIF(F33:M33,"Partial")+COUNTIF(F33:M33,"Not Implemented")),"Not Implemented","Partial"))))) -> Partial | O33: =IF(COUNTA(F33:M33)=0,"",(COUNTIF(F33:M33,"Implemented")+COUNTIF(F33:M33,"Partial")+COUNTIF(F33:M33,"Not Implemented"))) -> 3 | P33: =IF(COUNTA(F33:M33)=0,"",COUNTIF(F33:M33,"??")) -> 0 | Q33: =IF(COUNTA(F33:M33)=0,"",COUNTIF(F33:M33,"Partial")+COUNTIF(F33:M33,"Not Implemented")) -> 1 | R33: AA-01: Unique, strong password stored in password manager; not reused elsewhere; recovery email/phone current AA-03: 2-step verification method on LinkedIn AA-05: Active sessions, connected third-party apps, and shared access reviewed | S33: AA-01: Unique 16+ char password in password manager; recovery contacts verified AA-03: Authenticator app AA-05: Only current sessions / needed apps; reviewed quarterly | T33: LinkedIn uses a unique password stored in a password manager, and recovery information is current. Two-Step Verification is enabled using SMS. Active sessions have been reviewed and no suspicious sessions were identified. | U33: SMS-based authentication provides additional protection but is more exposed to SIM-swap or phone-number takeover risks than stronger MFA methods. | V33: User confirmed no password reuse, password manager use, current recovery information, 2-Step Verification enabled, SMS-based authentication, and no suspicious active sessions. | W33: Keep the unique password and password manager in use. If available, migrate from SMS-based verification to an authenticator app or passkey. | X33: F3 | Y33: PR-008, PR-020
A34: AST-035 | B34: =IF(A34="","",IFERROR(INDEX('Asset Register'!$B:$B,MATCH(A34,'Asset Register'!$A:$A,0)),"")) -> A-J06 | C34: =IF(A34="","",IFERROR(INDEX('Asset Register'!$E:$E,MATCH(A34,'Asset Register'!$A:$A,0)),"")) -> GitHub | D34: =IF(A34="","",IFERROR(INDEX('Asset Register'!$D:$D,MATCH(A34,'Asset Register'!$A:$A,0)),"")) -> Job Hunting & Professional | E34: =IF(A34="","",IFERROR(INDEX('Asset Register'!$J:$J,MATCH(A34,'Asset Register'!$A:$A,0)),"")) -> Critical | F34: Partial | G34: Implemented | H34: Implemented | I34: N/A | J34: N/A | K34: N/A | L34: N/A | M34: N/A | N34: =IF(COUNTA(F34:M34)=0,"",IF((COUNTIF(F34:M34,"Implemented")+COUNTIF(F34:M34,"Partial")+COUNTIF(F34:M34,"Not Implemented"))+COUNTIF(F34:M34,"??")=0,"N/A",IF((COUNTIF(F34:M34,"Implemented")+COUNTIF(F34:M34,"Partial")+COUNTIF(F34:M34,"Not Implemented"))=0,"??",IF(COUNTIF(F34:M34,"Implemented")=(COUNTIF(F34:M34,"Implemented")+COUNTIF(F34:M34,"Partial")+COUNTIF(F34:M34,"Not Implemented")),"Implemented",IF(COUNTIF(F34:M34,"Not Implemented")=(COUNTIF(F34:M34,"Implemented")+COUNTIF(F34:M34,"Partial")+COUNTIF(F34:M34,"Not Implemented")),"Not Implemented","Partial"))))) -> Partial | O34: =IF(COUNTA(F34:M34)=0,"",(COUNTIF(F34:M34,"Implemented")+COUNTIF(F34:M34,"Partial")+COUNTIF(F34:M34,"Not Implemented"))) -> 3 | P34: =IF(COUNTA(F34:M34)=0,"",COUNTIF(F34:M34,"??")) -> 0 | Q34: =IF(COUNTA(F34:M34)=0,"",COUNTIF(F34:M34,"Partial")+COUNTIF(F34:M34,"Not Implemented")) -> 1 | R34: AA-01: Unique, strong password stored in password manager; not reused elsewhere; recovery email/phone current AA-03: 2FA method on GitHub AA-05: Personal access tokens, SSH keys, OAuth apps and repo visibility reviewed | S34: AA-01: Unique 16+ char password in password manager; recovery contacts verified AA-03: Passkey or security key + authenticator app; recovery codes stored offline AA-05: Least-privilege fine-grained tokens with expiry; unused keys/apps removed | T34: The GitHub credential is managed with a password manager, and passkey-based 2FA is enabled. Personal Access Tokens, SSH keys, OAuth applications, and repository visibility have been reviewed and no issues were identified. | U34: Unverified password reuse or outdated recovery information could increase account compromise or recovery risk. | V34: User confirmed password manager use, passkey-based 2FA, and that Personal Access Tokens, SSH keys, OAuth applications, and repository visibility were reviewed with no issues identified. | W34: Verify that the GitHub password is unique and confirm recovery information. Continue reviewing tokens, SSH keys, OAuth applications, and repository visibility periodically. | X34: F3 | Y34: PR-009, PR-019, PR-024
A35: AST-036 | B35: =IF(A35="","",IFERROR(INDEX('Asset Register'!$B:$B,MATCH(A35,'Asset Register'!$A:$A,0)),"")) -> A-J07 | C35: =IF(A35="","",IFERROR(INDEX('Asset Register'!$E:$E,MATCH(A35,'Asset Register'!$A:$A,0)),"")) -> Zoom | D35: =IF(A35="","",IFERROR(INDEX('Asset Register'!$D:$D,MATCH(A35,'Asset Register'!$A:$A,0)),"")) -> Job Hunting & Professional | E35: =IF(A35="","",IFERROR(INDEX('Asset Register'!$J:$J,MATCH(A35,'Asset Register'!$A:$A,0)),"")) -> Medium | F35: Partial | G35: Implemented | H35: Partial | I35: N/A | J35: N/A | K35: N/A | L35: N/A | M35: N/A | N35: =IF(COUNTA(F35:M35)=0,"",IF((COUNTIF(F35:M35,"Implemented")+COUNTIF(F35:M35,"Partial")+COUNTIF(F35:M35,"Not Implemented"))+COUNTIF(F35:M35,"??")=0,"N/A",IF((COUNTIF(F35:M35,"Implemented")+COUNTIF(F35:M35,"Partial")+COUNTIF(F35:M35,"Not Implemented"))=0,"??",IF(COUNTIF(F35:M35,"Implemented")=(COUNTIF(F35:M35,"Implemented")+COUNTIF(F35:M35,"Partial")+COUNTIF(F35:M35,"Not Implemented")),"Implemented",IF(COUNTIF(F35:M35,"Not Implemented")=(COUNTIF(F35:M35,"Implemented")+COUNTIF(F35:M35,"Partial")+COUNTIF(F35:M35,"Not Implemented")),"Not Implemented","Partial"))))) -> Partial | O35: =IF(COUNTA(F35:M35)=0,"",(COUNTIF(F35:M35,"Implemented")+COUNTIF(F35:M35,"Partial")+COUNTIF(F35:M35,"Not Implemented"))) -> 3 | P35: =IF(COUNTA(F35:M35)=0,"",COUNTIF(F35:M35,"??")) -> 0 | Q35: =IF(COUNTA(F35:M35)=0,"",COUNTIF(F35:M35,"Partial")+COUNTIF(F35:M35,"Not Implemented")) -> 2 | R35: AA-01: Unique, strong password stored in password manager; not reused elsewhere; recovery email/phone current AA-03: MFA enabled and which method (passkey / authenticator app / SMS) AA-05: Active sessions, connected third-party apps, and shared access reviewed | S35: AA-01: Unique 16+ char password in password manager; recovery contacts verified AA-03: Strongest MFA the service supports; SMS only if no alternative AA-05: Only current sessions / needed apps; reviewed quarterly | T35: Zoom is accessed using Apple sign-in rather than a separate Zoom password. Zoom-specific MFA status has not yet been verified. Active sessions, connected applications, and shared access have also not been reviewed. | U35: Zoom access depends on the security of the Apple account. Unverified MFA and session settings may leave unknown access-control gaps. | V35: User confirmed Apple sign-in is used. Zoom MFA status, active sessions, connected applications, and shared access remain unverified. | W35: Verify Zoom MFA settings, review active sessions and connected applications, and continue protecting the linked Apple account with strong authentication.
A36: AST-038 | B36: =IF(A36="","",IFERROR(INDEX('Asset Register'!$B:$B,MATCH(A36,'Asset Register'!$A:$A,0)),"")) -> A-S02 | C36: =IF(A36="","",IFERROR(INDEX('Asset Register'!$E:$E,MATCH(A36,'Asset Register'!$A:$A,0)),"")) -> Instagram | D36: =IF(A36="","",IFERROR(INDEX('Asset Register'!$D:$D,MATCH(A36,'Asset Register'!$A:$A,0)),"")) -> Social Media | E36: =IF(A36="","",IFERROR(INDEX('Asset Register'!$J:$J,MATCH(A36,'Asset Register'!$A:$A,0)),"")) -> Medium | F36: Partial | G36: Partial | H36: Partial | I36: N/A | J36: N/A | K36: N/A | L36: N/A | M36: N/A | N36: =IF(COUNTA(F36:M36)=0,"",IF((COUNTIF(F36:M36,"Implemented")+COUNTIF(F36:M36,"Partial")+COUNTIF(F36:M36,"Not Implemented"))+COUNTIF(F36:M36,"??")=0,"N/A",IF((COUNTIF(F36:M36,"Implemented")+COUNTIF(F36:M36,"Partial")+COUNTIF(F36:M36,"Not Implemented"))=0,"??",IF(COUNTIF(F36:M36,"Implemented")=(COUNTIF(F36:M36,"Implemented")+COUNTIF(F36:M36,"Partial")+COUNTIF(F36:M36,"Not Implemented")),"Implemented",IF(COUNTIF(F36:M36,"Not Implemented")=(COUNTIF(F36:M36,"Implemented")+COUNTIF(F36:M36,"Partial")+COUNTIF(F36:M36,"Not Implemented")),"Not Implemented","Partial"))))) -> Partial | O36: =IF(COUNTA(F36:M36)=0,"",(COUNTIF(F36:M36,"Implemented")+COUNTIF(F36:M36,"Partial")+COUNTIF(F36:M36,"Not Implemented"))) -> 3 | P36: =IF(COUNTA(F36:M36)=0,"",COUNTIF(F36:M36,"??")) -> 0 | Q36: =IF(COUNTA(F36:M36)=0,"",COUNTIF(F36:M36,"Partial")+COUNTIF(F36:M36,"Not Implemented")) -> 3 | R36: AA-01: Unique, strong password stored in password manager; not reused elsewhere; recovery email/phone current AA-03: MFA enabled and which method (passkey / authenticator app / SMS) AA-05: Active sessions, connected third-party apps, and shared access reviewed | S36: AA-01: Unique 16+ char password in password manager; recovery contacts verified AA-03: Strongest MFA the service supports; SMS only if no alternative AA-05: Only current sessions / needed apps; reviewed quarterly | T36: The Instagram password may be reused across other services. Password-manager use, recovery information, 2FA configuration, active sessions, connected applications, and shared access have not yet been verified | U36: Password reuse may increase the risk of credential-stuffing attacks. Unverified MFA and session settings may leave additional account-security gaps. | V36: User indicated that the Instagram password may be reused. Password-manager use, recovery information, 2FA status, active sessions, connected applications, and shared access remain unverified. | W36: Change the password to a unique password, store it in a password manager, verify recovery information, enable 2FA using the strongest available method, and review active sessions and connected applications.
A37: AST-040 | B37: =IF(A37="","",IFERROR(INDEX('Asset Register'!$B:$B,MATCH(A37,'Asset Register'!$A:$A,0)),"")) -> A-S04 | C37: =IF(A37="","",IFERROR(INDEX('Asset Register'!$E:$E,MATCH(A37,'Asset Register'!$A:$A,0)),"")) -> LINE | D37: =IF(A37="","",IFERROR(INDEX('Asset Register'!$D:$D,MATCH(A37,'Asset Register'!$A:$A,0)),"")) -> Social Media | E37: =IF(A37="","",IFERROR(INDEX('Asset Register'!$J:$J,MATCH(A37,'Asset Register'!$A:$A,0)),"")) -> High | F37: Partial | G37: Partial | H37: Partial | I37: N/A | J37: N/A | K37: N/A | L37: N/A | M37: N/A | N37: =IF(COUNTA(F37:M37)=0,"",IF((COUNTIF(F37:M37,"Implemented")+COUNTIF(F37:M37,"Partial")+COUNTIF(F37:M37,"Not Implemented"))+COUNTIF(F37:M37,"??")=0,"N/A",IF((COUNTIF(F37:M37,"Implemented")+COUNTIF(F37:M37,"Partial")+COUNTIF(F37:M37,"Not Implemented"))=0,"??",IF(COUNTIF(F37:M37,"Implemented")=(COUNTIF(F37:M37,"Implemented")+COUNTIF(F37:M37,"Partial")+COUNTIF(F37:M37,"Not Implemented")),"Implemented",IF(COUNTIF(F37:M37,"Not Implemented")=(COUNTIF(F37:M37,"Implemented")+COUNTIF(F37:M37,"Partial")+COUNTIF(F37:M37,"Not Implemented")),"Not Implemented","Partial"))))) -> Partial | O37: =IF(COUNTA(F37:M37)=0,"",(COUNTIF(F37:M37,"Implemented")+COUNTIF(F37:M37,"Partial")+COUNTIF(F37:M37,"Not Implemented"))) -> 3 | P37: =IF(COUNTA(F37:M37)=0,"",COUNTIF(F37:M37,"??")) -> 0 | Q37: =IF(COUNTA(F37:M37)=0,"",COUNTIF(F37:M37,"Partial")+COUNTIF(F37:M37,"Not Implemented")) -> 3 | R37: AA-01: Unique, strong password stored in password manager; not reused elsewhere; recovery email/phone current; account transfer / PIN settings reviewed AA-03: MFA enabled and which method (passkey / authenticator app / SMS) AA-05: Active sessions, connected third-party apps, and shared access reviewed | S37: AA-01: Unique 16+ char password in password manager; recovery contacts verified AA-03: Strongest MFA the service supports; SMS only if no alternative AA-05: Only current sessions / needed apps; reviewed quarterly | T37: LINE password management, registered recovery information, and account-transfer settings have not yet been verified. MFA or additional authentication status is also unverified. Logged-in devices and connected services have not been reviewed. | U37: Unverified authentication and recovery settings may increase the risk of account takeover or make account recovery more difficult | V37: .User confirmed that password and account-transfer settings are unknown, MFA status is unverified, and logged-in devices and connected services have not been reviewed. | W37: Review the registered email address and phone number, verify account-transfer and authentication settings, and review logged-in devices and connected services. | Y37: PR-012
A38: AST-042 | B38: =IF(A38="","",IFERROR(INDEX('Asset Register'!$B:$B,MATCH(A38,'Asset Register'!$A:$A,0)),"")) -> A-S06 | C38: =IF(A38="","",IFERROR(INDEX('Asset Register'!$E:$E,MATCH(A38,'Asset Register'!$A:$A,0)),"")) -> YouTube | D38: =IF(A38="","",IFERROR(INDEX('Asset Register'!$D:$D,MATCH(A38,'Asset Register'!$A:$A,0)),"")) -> Social Media | E38: =IF(A38="","",IFERROR(INDEX('Asset Register'!$J:$J,MATCH(A38,'Asset Register'!$A:$A,0)),"")) -> Low | F38: N/A | G38: N/A | H38: Implemented | I38: N/A | J38: N/A | K38: N/A | L38: N/A | M38: N/A | N38: =IF(COUNTA(F38:M38)=0,"",IF((COUNTIF(F38:M38,"Implemented")+COUNTIF(F38:M38,"Partial")+COUNTIF(F38:M38,"Not Implemented"))+COUNTIF(F38:M38,"??")=0,"N/A",IF((COUNTIF(F38:M38,"Implemented")+COUNTIF(F38:M38,"Partial")+COUNTIF(F38:M38,"Not Implemented"))=0,"??",IF(COUNTIF(F38:M38,"Implemented")=(COUNTIF(F38:M38,"Implemented")+COUNTIF(F38:M38,"Partial")+COUNTIF(F38:M38,"Not Implemented")),"Implemented",IF(COUNTIF(F38:M38,"Not Implemented")=(COUNTIF(F38:M38,"Implemented")+COUNTIF(F38:M38,"Partial")+COUNTIF(F38:M38,"Not Implemented")),"Not Implemented","Partial"))))) -> Implemented | O38: =IF(COUNTA(F38:M38)=0,"",(COUNTIF(F38:M38,"Implemented")+COUNTIF(F38:M38,"Partial")+COUNTIF(F38:M38,"Not Implemented"))) -> 1 | P38: =IF(COUNTA(F38:M38)=0,"",COUNTIF(F38:M38,"??")) -> 0 | Q38: =IF(COUNTA(F38:M38)=0,"",COUNTIF(F38:M38,"Partial")+COUNTIF(F38:M38,"Not Implemented")) -> 0 | R38: AA-05: Channel / connected-app permissions reviewed (credentials covered by Google Account) | S38: AA-05: No unknown channel managers or connected apps | T38: YouTube channel permissions and connected applications have been reviewed, and no unknown channel managers or unnecessary connections were identified. Authentication is handled through the linked Google Account. | U38: Current access settings reduce the risk of unauthorized channel management. Remaining risk mainly depends on the security of the linked Google Account. | V38: User confirmed that YouTube channel permissions and connected applications were reviewed and no issues were identified. | W38: Continue reviewing channel permissions and connected applications periodically, especially after adding new services or integrations.
A39: AST-043 | B39: =IF(A39="","",IFERROR(INDEX('Asset Register'!$B:$B,MATCH(A39,'Asset Register'!$A:$A,0)),"")) -> A-U01 | C39: =IF(A39="","",IFERROR(INDEX('Asset Register'!$E:$E,MATCH(A39,'Asset Register'!$A:$A,0)),"")) -> Mobile carrier account | D39: =IF(A39="","",IFERROR(INDEX('Asset Register'!$D:$D,MATCH(A39,'Asset Register'!$A:$A,0)),"")) -> Utilities & Life Services | E39: =IF(A39="","",IFERROR(INDEX('Asset Register'!$J:$J,MATCH(A39,'Asset Register'!$A:$A,0)),"")) -> Critical | F39: Partial | G39: Partial | H39: Partial | I39: N/A | J39: N/A | K39: N/A | L39: N/A | M39: N/A | N39: =IF(COUNTA(F39:M39)=0,"",IF((COUNTIF(F39:M39,"Implemented")+COUNTIF(F39:M39,"Partial")+COUNTIF(F39:M39,"Not Implemented"))+COUNTIF(F39:M39,"??")=0,"N/A",IF((COUNTIF(F39:M39,"Implemented")+COUNTIF(F39:M39,"Partial")+COUNTIF(F39:M39,"Not Implemented"))=0,"??",IF(COUNTIF(F39:M39,"Implemented")=(COUNTIF(F39:M39,"Implemented")+COUNTIF(F39:M39,"Partial")+COUNTIF(F39:M39,"Not Implemented")),"Implemented",IF(COUNTIF(F39:M39,"Not Implemented")=(COUNTIF(F39:M39,"Implemented")+COUNTIF(F39:M39,"Partial")+COUNTIF(F39:M39,"Not Implemented")),"Not Implemented","Partial"))))) -> Partial | O39: =IF(COUNTA(F39:M39)=0,"",(COUNTIF(F39:M39,"Implemented")+COUNTIF(F39:M39,"Partial")+COUNTIF(F39:M39,"Not Implemented"))) -> 3 | P39: =IF(COUNTA(F39:M39)=0,"",COUNTIF(F39:M39,"??")) -> 0 | Q39: =IF(COUNTA(F39:M39)=0,"",COUNTIF(F39:M39,"Partial")+COUNTIF(F39:M39,"Not Implemented")) -> 3 | R39: AA-01: Unique, strong password stored in password manager; not reused elsewhere; recovery email/phone current; carrier account PIN set AA-03: Port-out / SIM-swap protection (number lock, extra verification for SIM change) AA-05: Active sessions, connected third-party apps, and shared access reviewed | S39: AA-01: Unique 16+ char password in password manager; recovery contacts verified; carrier PIN / passcode set AA-03: Number lock / SIM protection enabled with carrier AA-05: Only current sessions / needed apps; reviewed quarterly | T39: The carrier account credential is managed with a password manager, and recovery email and phone information are current. No carrier account PIN is configured. SIM-swap or port-out protection has not yet been verified. | U39: Missing or unverified carrier protections may increase the risk of unauthorized SIM transfer or phone-number takeover. Unreviewed sessions may also retain unnecessary access. | V39: User confirmed password manager use, current recovery information, no carrier PIN, unverified SIM-swap / port-out protection, and unverified active sessions and connected access. | W39: Set a carrier account PIN or passcode, enable number-lock or SIM-swap protection if available, and review active sessions and connected access. | X39: F3 | Y39: PR-007, PR-018
A40: AST-045 | B40: =IF(A40="","",IFERROR(INDEX('Asset Register'!$B:$B,MATCH(A40,'Asset Register'!$A:$A,0)),"")) -> A-X01 | C40: =IF(A40="","",IFERROR(INDEX('Asset Register'!$E:$E,MATCH(A40,'Asset Register'!$A:$A,0)),"")) -> Amazon | D40: =IF(A40="","",IFERROR(INDEX('Asset Register'!$D:$D,MATCH(A40,'Asset Register'!$A:$A,0)),"")) -> Entertainment & Shopping | E40: =IF(A40="","",IFERROR(INDEX('Asset Register'!$J:$J,MATCH(A40,'Asset Register'!$A:$A,0)),"")) -> Medium | F40: Partial | G40: Implemented | H40: Partial | I40: N/A | J40: N/A | K40: N/A | L40: N/A | M40: N/A | N40: =IF(COUNTA(F40:M40)=0,"",IF((COUNTIF(F40:M40,"Implemented")+COUNTIF(F40:M40,"Partial")+COUNTIF(F40:M40,"Not Implemented"))+COUNTIF(F40:M40,"??")=0,"N/A",IF((COUNTIF(F40:M40,"Implemented")+COUNTIF(F40:M40,"Partial")+COUNTIF(F40:M40,"Not Implemented"))=0,"??",IF(COUNTIF(F40:M40,"Implemented")=(COUNTIF(F40:M40,"Implemented")+COUNTIF(F40:M40,"Partial")+COUNTIF(F40:M40,"Not Implemented")),"Implemented",IF(COUNTIF(F40:M40,"Not Implemented")=(COUNTIF(F40:M40,"Implemented")+COUNTIF(F40:M40,"Partial")+COUNTIF(F40:M40,"Not Implemented")),"Not Implemented","Partial"))))) -> Partial | O40: =IF(COUNTA(F40:M40)=0,"",(COUNTIF(F40:M40,"Implemented")+COUNTIF(F40:M40,"Partial")+COUNTIF(F40:M40,"Not Implemented"))) -> 3 | P40: =IF(COUNTA(F40:M40)=0,"",COUNTIF(F40:M40,"??")) -> 0 | Q40: =IF(COUNTA(F40:M40)=0,"",COUNTIF(F40:M40,"Partial")+COUNTIF(F40:M40,"Not Implemented")) -> 2 | R40: AA-01: Unique, strong password stored in password manager; not reused elsewhere; recovery email/phone current AA-03: MFA enabled and which method (passkey / authenticator app / SMS) AA-05: Active sessions, connected third-party apps, and shared access reviewed | S40: AA-01: Unique 16+ char password in password manager; recovery contacts verified AA-03: Strongest MFA the service supports; SMS only if no alternative AA-05: Only current sessions / needed apps; reviewed quarterly | T40: The Amazon password may be reused across other services. Passkey authentication is enabled. Password-manager use, recovery information, active sessions, connected applications, and shared access have not yet been verified. | U40: Password reuse may increase the risk of credential-stuffing attacks. Unreviewed sessions or connected applications may also retain unnecessary access. | V40: User indicated that the Amazon password may be reused and confirmed passkey authentication is enabled. Password-manager use, recovery information, active sessions, connected applications, and shared access remain unverified. | W40: Change the Amazon password to a unique password if needed, store it in a password manager, verify recovery information, and review active sessions and connected applications.
A41: AST-046 | B41: =IF(A41="","",IFERROR(INDEX('Asset Register'!$B:$B,MATCH(A41,'Asset Register'!$A:$A,0)),"")) -> D-L01 | C41: =IF(A41="","",IFERROR(INDEX('Asset Register'!$E:$E,MATCH(A41,'Asset Register'!$A:$A,0)),"")) -> Job-hunting materials | D41: =IF(A41="","",IFERROR(INDEX('Asset Register'!$D:$D,MATCH(A41,'Asset Register'!$A:$A,0)),"")) -> Local (MacBook) | E41: =IF(A41="","",IFERROR(INDEX('Asset Register'!$J:$J,MATCH(A41,'Asset Register'!$A:$A,0)),"")) -> Critical | F41: N/A | G41: N/A | H41: N/A | I41: Partial | J41: Implemented | K41: Not Implemented | L41: N/A | M41: N/A | N41: =IF(COUNTA(F41:M41)=0,"",IF((COUNTIF(F41:M41,"Implemented")+COUNTIF(F41:M41,"Partial")+COUNTIF(F41:M41,"Not Implemented"))+COUNTIF(F41:M41,"??")=0,"N/A",IF((COUNTIF(F41:M41,"Implemented")+COUNTIF(F41:M41,"Partial")+COUNTIF(F41:M41,"Not Implemented"))=0,"??",IF(COUNTIF(F41:M41,"Implemented")=(COUNTIF(F41:M41,"Implemented")+COUNTIF(F41:M41,"Partial")+COUNTIF(F41:M41,"Not Implemented")),"Implemented",IF(COUNTIF(F41:M41,"Not Implemented")=(COUNTIF(F41:M41,"Implemented")+COUNTIF(F41:M41,"Partial")+COUNTIF(F41:M41,"Not Implemented")),"Not Implemented","Partial"))))) -> Partial | O41: =IF(COUNTA(F41:M41)=0,"",(COUNTIF(F41:M41,"Implemented")+COUNTIF(F41:M41,"Partial")+COUNTIF(F41:M41,"Not Implemented"))) -> 3 | P41: =IF(COUNTA(F41:M41)=0,"",COUNTIF(F41:M41,"??")) -> 0 | Q41: =IF(COUNTA(F41:M41)=0,"",COUNTIF(F41:M41,"Partial")+COUNTIF(F41:M41,"Not Implemented")) -> 2 | R41: DS-01: Job-hunting materials location and access protection DS-02: Sent only via encrypted channels / official portals when shared DS-11: Job-hunting materials backup | S41: DS-01: Stored in encrypted, backed-up location DS-02: Never sent as plain email attachment DS-11: At least 2 copies, 1 off-device | T41: Job-hunting materials are stored locally on the MacBook. The MacBook is protected with FileVault encryption. Files are primarily submitted through official company application portals. No separate backup of the job-hunting materials is currently maintained. | U41: If the MacBook is lost, damaged, or suffers storage failure, resumes, application essays, and other job-hunting materials could be permanently lost. A single local copy creates a significant availability risk. | V41: User confirmed that job-hunting materials are stored locally on the MacBook, are primarily submitted through official application portals, and currently have no backup. FileVault on the MacBook is enabled. | W41: Create at least one off-device backup, such as an encrypted cloud storage location or external backup. Keep the local Mac copy protected with FileVault and continue using official application portals for submissions. | Y41: PR-033, PR-044
A42: AST-048 | B42: =IF(A42="","",IFERROR(INDEX('Asset Register'!$B:$B,MATCH(A42,'Asset Register'!$A:$A,0)),"")) -> D-L03 | C42: =IF(A42="","",IFERROR(INDEX('Asset Register'!$E:$E,MATCH(A42,'Asset Register'!$A:$A,0)),"")) -> Academic files | D42: =IF(A42="","",IFERROR(INDEX('Asset Register'!$D:$D,MATCH(A42,'Asset Register'!$A:$A,0)),"")) -> Local (MacBook) | E42: =IF(A42="","",IFERROR(INDEX('Asset Register'!$J:$J,MATCH(A42,'Asset Register'!$A:$A,0)),"")) -> High | F42: N/A | G42: N/A | H42: N/A | I42: Implemented | J42: Implemented | K42: Implemented | L42: N/A | M42: N/A | N42: =IF(COUNTA(F42:M42)=0,"",IF((COUNTIF(F42:M42,"Implemented")+COUNTIF(F42:M42,"Partial")+COUNTIF(F42:M42,"Not Implemented"))+COUNTIF(F42:M42,"??")=0,"N/A",IF((COUNTIF(F42:M42,"Implemented")+COUNTIF(F42:M42,"Partial")+COUNTIF(F42:M42,"Not Implemented"))=0,"??",IF(COUNTIF(F42:M42,"Implemented")=(COUNTIF(F42:M42,"Implemented")+COUNTIF(F42:M42,"Partial")+COUNTIF(F42:M42,"Not Implemented")),"Implemented",IF(COUNTIF(F42:M42,"Not Implemented")=(COUNTIF(F42:M42,"Implemented")+COUNTIF(F42:M42,"Partial")+COUNTIF(F42:M42,"Not Implemented")),"Not Implemented","Partial"))))) -> Implemented | O42: =IF(COUNTA(F42:M42)=0,"",(COUNTIF(F42:M42,"Implemented")+COUNTIF(F42:M42,"Partial")+COUNTIF(F42:M42,"Not Implemented"))) -> 3 | P42: =IF(COUNTA(F42:M42)=0,"",COUNTIF(F42:M42,"??")) -> 0 | Q42: =IF(COUNTA(F42:M42)=0,"",COUNTIF(F42:M42,"Partial")+COUNTIF(F42:M42,"Not Implemented")) -> 0 | R42: DS-01: Stored in an encrypted / access-controlled location DS-02: Sent only via encrypted channels / official portals when shared DS-11: Backup copy exists outside the laptop; restore tested | S42: DS-01: Encrypted disk or vault; no stray copies in Downloads or email DS-02: Never sent as plain email attachment DS-11: At least 2 copies, 1 off-device | T42: Academic files are stored on the MacBook and in iCloud Drive. The MacBook is protected with FileVault encryption. Files are shared primarily through Google Drive links and email attachments. | U42: Email attachments may create additional copies of academic files and make access harder to control after sending. Backup protection is present, but restore capability has not yet been verified. | V42: User confirmed that academic files are stored locally on the MacBook and in iCloud Drive, are shared through Google Drive links and email attachments, and have a backup. FileVault is enabled on the MacBook. | W42: Prefer access-controlled sharing links over email attachments when practical, periodically review shared-file permissions, and test restoration from the backup.
A43: AST-050 | B43: =IF(A43="","",IFERROR(INDEX('Asset Register'!$B:$B,MATCH(A43,'Asset Register'!$A:$A,0)),"")) -> D-L05 | C43: =IF(A43="","",IFERROR(INDEX('Asset Register'!$E:$E,MATCH(A43,'Asset Register'!$A:$A,0)),"")) -> Financial documents | D43: =IF(A43="","",IFERROR(INDEX('Asset Register'!$D:$D,MATCH(A43,'Asset Register'!$A:$A,0)),"")) -> Local (MacBook) | E43: =IF(A43="","",IFERROR(INDEX('Asset Register'!$J:$J,MATCH(A43,'Asset Register'!$A:$A,0)),"")) -> High | F43: N/A | G43: N/A | H43: N/A | I43: Partial | J43: Implemented | K43: Not Implemented | L43: N/A | M43: N/A | N43: =IF(COUNTA(F43:M43)=0,"",IF((COUNTIF(F43:M43,"Implemented")+COUNTIF(F43:M43,"Partial")+COUNTIF(F43:M43,"Not Implemented"))+COUNTIF(F43:M43,"??")=0,"N/A",IF((COUNTIF(F43:M43,"Implemented")+COUNTIF(F43:M43,"Partial")+COUNTIF(F43:M43,"Not Implemented"))=0,"??",IF(COUNTIF(F43:M43,"Implemented")=(COUNTIF(F43:M43,"Implemented")+COUNTIF(F43:M43,"Partial")+COUNTIF(F43:M43,"Not Implemented")),"Implemented",IF(COUNTIF(F43:M43,"Not Implemented")=(COUNTIF(F43:M43,"Implemented")+COUNTIF(F43:M43,"Partial")+COUNTIF(F43:M43,"Not Implemented")),"Not Implemented","Partial"))))) -> Partial | O43: =IF(COUNTA(F43:M43)=0,"",(COUNTIF(F43:M43,"Implemented")+COUNTIF(F43:M43,"Partial")+COUNTIF(F43:M43,"Not Implemented"))) -> 3 | P43: =IF(COUNTA(F43:M43)=0,"",COUNTIF(F43:M43,"??")) -> 0 | Q43: =IF(COUNTA(F43:M43)=0,"",COUNTIF(F43:M43,"Partial")+COUNTIF(F43:M43,"Not Implemented")) -> 2 | R43: DS-01: Financial documents stored in a protected location DS-02: Sent only via encrypted channels / official portals when shared DS-11: Backup copy exists outside the laptop; restore tested | S43: DS-01: Encrypted folder or vault; old statements purged DS-02: Never sent as plain email attachment DS-11: At least 2 copies, 1 off-device | T43: Financial documents such as tax records and bank statements are stored locally on the MacBook. The MacBook is protected with FileVault encryption. Documents are primarily submitted through official banking or tax-related portals. No separate backup is currently maintained. | U43: If the MacBook is lost, damaged, or its storage fails, important financial records may be permanently lost. Keeping only one local copy creates a significant availability risk. | V43: User confirmed that financial documents are stored locally on the MacBook, are primarily shared through official portals, and currently have no backup. FileVault is enabled on the MacBook. | W43: Create at least one off-device backup in an encrypted cloud location or external backup. Consider storing especially sensitive financial documents in a dedicated encrypted folder or vault. | Y43: PR-032
A44: AST-052 | B44: =IF(A44="","",IFERROR(INDEX('Asset Register'!$B:$B,MATCH(A44,'Asset Register'!$A:$A,0)),"")) -> D-C01 | C44: =IF(A44="","",IFERROR(INDEX('Asset Register'!$E:$E,MATCH(A44,'Asset Register'!$A:$A,0)),"")) -> iCloud Photos | D44: =IF(A44="","",IFERROR(INDEX('Asset Register'!$D:$D,MATCH(A44,'Asset Register'!$A:$A,0)),"")) -> Cloud Storage | E44: =IF(A44="","",IFERROR(INDEX('Asset Register'!$J:$J,MATCH(A44,'Asset Register'!$A:$A,0)),"")) -> High | F44: N/A | G44: N/A | H44: Implemented | I44: Implemented | J44: N/A | K44: Implemented | L44: N/A | M44: N/A | N44: =IF(COUNTA(F44:M44)=0,"",IF((COUNTIF(F44:M44,"Implemented")+COUNTIF(F44:M44,"Partial")+COUNTIF(F44:M44,"Not Implemented"))+COUNTIF(F44:M44,"??")=0,"N/A",IF((COUNTIF(F44:M44,"Implemented")+COUNTIF(F44:M44,"Partial")+COUNTIF(F44:M44,"Not Implemented"))=0,"??",IF(COUNTIF(F44:M44,"Implemented")=(COUNTIF(F44:M44,"Implemented")+COUNTIF(F44:M44,"Partial")+COUNTIF(F44:M44,"Not Implemented")),"Implemented",IF(COUNTIF(F44:M44,"Not Implemented")=(COUNTIF(F44:M44,"Implemented")+COUNTIF(F44:M44,"Partial")+COUNTIF(F44:M44,"Not Implemented")),"Not Implemented","Partial"))))) -> Implemented | O44: =IF(COUNTA(F44:M44)=0,"",(COUNTIF(F44:M44,"Implemented")+COUNTIF(F44:M44,"Partial")+COUNTIF(F44:M44,"Not Implemented"))) -> 3 | P44: =IF(COUNTA(F44:M44)=0,"",COUNTIF(F44:M44,"??")) -> 0 | Q44: =IF(COUNTA(F44:M44)=0,"",COUNTIF(F44:M44,"Partial")+COUNTIF(F44:M44,"Not Implemented")) -> 0 | R44: AA-05: Sharing links and collaborators reviewed DS-01: iCloud Photos protection (Advanced Data Protection) DS-11: Second copy of iCloud Photos outside iCloud | S44: AA-05: No public links to personal data; collaborators limited to me DS-01: Advanced Data Protection ON DS-11: Periodic export to encrypted external storage | T44: .iCloud Photos sharing settings have been reviewed and no unnecessary sharing was identified. Advanced Data Protection is enabled. A second copy of the photo library exists outside iCloud. | U44: Current controls reduce both confidentiality and availability risks. Remaining risk mainly depends on keeping sharing settings and the secondary copy current. | V44: User confirmed no unnecessary shared albums, links, or collaborators, Advanced Data Protection enabled, and a separate copy of photos outside iCloud. | W44: Continue reviewing sharing settings periodically and keep the secondary photo copy up to date. | Y44: PR-035, PR-045
A45: AST-053 | B45: =IF(A45="","",IFERROR(INDEX('Asset Register'!$B:$B,MATCH(A45,'Asset Register'!$A:$A,0)),"")) -> D-C02 | C45: =IF(A45="","",IFERROR(INDEX('Asset Register'!$E:$E,MATCH(A45,'Asset Register'!$A:$A,0)),"")) -> iCloud Drive files | D45: =IF(A45="","",IFERROR(INDEX('Asset Register'!$D:$D,MATCH(A45,'Asset Register'!$A:$A,0)),"")) -> Cloud Storage | E45: =IF(A45="","",IFERROR(INDEX('Asset Register'!$J:$J,MATCH(A45,'Asset Register'!$A:$A,0)),"")) -> Medium | F45: N/A | G45: N/A | H45: Implemented | I45: Implemented | J45: N/A | K45: Not Implemented | L45: N/A | M45: N/A | N45: =IF(COUNTA(F45:M45)=0,"",IF((COUNTIF(F45:M45,"Implemented")+COUNTIF(F45:M45,"Partial")+COUNTIF(F45:M45,"Not Implemented"))+COUNTIF(F45:M45,"??")=0,"N/A",IF((COUNTIF(F45:M45,"Implemented")+COUNTIF(F45:M45,"Partial")+COUNTIF(F45:M45,"Not Implemented"))=0,"??",IF(COUNTIF(F45:M45,"Implemented")=(COUNTIF(F45:M45,"Implemented")+COUNTIF(F45:M45,"Partial")+COUNTIF(F45:M45,"Not Implemented")),"Implemented",IF(COUNTIF(F45:M45,"Not Implemented")=(COUNTIF(F45:M45,"Implemented")+COUNTIF(F45:M45,"Partial")+COUNTIF(F45:M45,"Not Implemented")),"Not Implemented","Partial"))))) -> Partial | O45: =IF(COUNTA(F45:M45)=0,"",(COUNTIF(F45:M45,"Implemented")+COUNTIF(F45:M45,"Partial")+COUNTIF(F45:M45,"Not Implemented"))) -> 3 | P45: =IF(COUNTA(F45:M45)=0,"",COUNTIF(F45:M45,"??")) -> 0 | Q45: =IF(COUNTA(F45:M45)=0,"",COUNTIF(F45:M45,"Partial")+COUNTIF(F45:M45,"Not Implemented")) -> 1 | R45: AA-05: Sharing links and collaborators reviewed DS-01: Encryption options (e.g., Advanced Data Protection) and sensitive files minimized DS-11: Copy exists outside this provider | S45: AA-05: No public links to personal data; collaborators limited to me DS-01: Strongest encryption option ON; sensitive files minimized DS-11: Periodic export to a second location | T45: iCloud Drive sharing links and collaborators have been reviewed, and no unnecessary sharing was identified. Advanced Data Protection is enabled. However, no separate copy of the iCloud Drive files exists outside iCloud. | U45: If files are deleted, corrupted, or become unavailable in iCloud, there may be no independent recovery copy. Relying on a single cloud provider creates an availability risk. | V45: User confirmed no unnecessary sharing, Advanced Data Protection enabled, and no separate copy of iCloud Drive files outside iCloud. | W45: Create a second copy of important iCloud Drive files in another protected location, such as encrypted external storage or another trusted cloud service.
A46: AST-055 | B46: =IF(A46="","",IFERROR(INDEX('Asset Register'!$B:$B,MATCH(A46,'Asset Register'!$A:$A,0)),"")) -> D-C04 | C46: =IF(A46="","",IFERROR(INDEX('Asset Register'!$E:$E,MATCH(A46,'Asset Register'!$A:$A,0)),"")) -> Video files | D46: =IF(A46="","",IFERROR(INDEX('Asset Register'!$D:$D,MATCH(A46,'Asset Register'!$A:$A,0)),"")) -> Cloud Storage | E46: =IF(A46="","",IFERROR(INDEX('Asset Register'!$J:$J,MATCH(A46,'Asset Register'!$A:$A,0)),"")) -> Low | F46: N/A | G46: N/A | H46: Implemented | I46: Implemented | J46: N/A | K46: Not Implemented | L46: N/A | M46: N/A | N46: =IF(COUNTA(F46:M46)=0,"",IF((COUNTIF(F46:M46,"Implemented")+COUNTIF(F46:M46,"Partial")+COUNTIF(F46:M46,"Not Implemented"))+COUNTIF(F46:M46,"??")=0,"N/A",IF((COUNTIF(F46:M46,"Implemented")+COUNTIF(F46:M46,"Partial")+COUNTIF(F46:M46,"Not Implemented"))=0,"??",IF(COUNTIF(F46:M46,"Implemented")=(COUNTIF(F46:M46,"Implemented")+COUNTIF(F46:M46,"Partial")+COUNTIF(F46:M46,"Not Implemented")),"Implemented",IF(COUNTIF(F46:M46,"Not Implemented")=(COUNTIF(F46:M46,"Implemented")+COUNTIF(F46:M46,"Partial")+COUNTIF(F46:M46,"Not Implemented")),"Not Implemented","Partial"))))) -> Partial | O46: =IF(COUNTA(F46:M46)=0,"",(COUNTIF(F46:M46,"Implemented")+COUNTIF(F46:M46,"Partial")+COUNTIF(F46:M46,"Not Implemented"))) -> 3 | P46: =IF(COUNTA(F46:M46)=0,"",COUNTIF(F46:M46,"??")) -> 0 | Q46: =IF(COUNTA(F46:M46)=0,"",COUNTIF(F46:M46,"Partial")+COUNTIF(F46:M46,"Not Implemented")) -> 1 | R46: AA-05: Sharing links and collaborators reviewed DS-01: Encryption options (e.g., Advanced Data Protection) and sensitive files minimized DS-11: Copy exists outside this provider | S46: AA-05: No public links to personal data; collaborators limited to me DS-01: Strongest encryption option ON; sensitive files minimized DS-11: Periodic export to a second location | T46: Video files are stored in iCloud Drive. Sharing links and collaborators have been reviewed and no unnecessary sharing was identified. Encryption protection for these files has not yet been verified. No separate copy exists outside iCloud Drive. | U46: If iCloud Drive becomes unavailable or files are deleted or corrupted, there may be no independent recovery copy. Unverified encryption settings also leave uncertainty about data-at-rest protection. | V46: User confirmed that sharing settings were reviewed with no issues, video files are stored in iCloud Drive, encryption protection remains unverified, and no separate backup exists. | W46: Verify the encryption protection applied to the iCloud Drive account and create a second copy of important video files in another protected location.
A47: AST-056 | B47: =IF(A47="","",IFERROR(INDEX('Asset Register'!$B:$B,MATCH(A47,'Asset Register'!$A:$A,0)),"")) -> D-K01 | C47: =IF(A47="","",IFERROR(INDEX('Asset Register'!$E:$E,MATCH(A47,'Asset Register'!$A:$A,0)),"")) -> Obsidian career vault | D47: =IF(A47="","",IFERROR(INDEX('Asset Register'!$D:$D,MATCH(A47,'Asset Register'!$A:$A,0)),"")) -> Knowledge Base | E47: =IF(A47="","",IFERROR(INDEX('Asset Register'!$J:$J,MATCH(A47,'Asset Register'!$A:$A,0)),"")) -> Critical | F47: N/A | G47: N/A | H47: N/A | I47: Partial | J47: N/A | K47: Not Implemented | L47: N/A | M47: N/A | N47: =IF(COUNTA(F47:M47)=0,"",IF((COUNTIF(F47:M47,"Implemented")+COUNTIF(F47:M47,"Partial")+COUNTIF(F47:M47,"Not Implemented"))+COUNTIF(F47:M47,"??")=0,"N/A",IF((COUNTIF(F47:M47,"Implemented")+COUNTIF(F47:M47,"Partial")+COUNTIF(F47:M47,"Not Implemented"))=0,"??",IF(COUNTIF(F47:M47,"Implemented")=(COUNTIF(F47:M47,"Implemented")+COUNTIF(F47:M47,"Partial")+COUNTIF(F47:M47,"Not Implemented")),"Implemented",IF(COUNTIF(F47:M47,"Not Implemented")=(COUNTIF(F47:M47,"Implemented")+COUNTIF(F47:M47,"Partial")+COUNTIF(F47:M47,"Not Implemented")),"Not Implemented","Partial"))))) -> Partial | O47: =IF(COUNTA(F47:M47)=0,"",(COUNTIF(F47:M47,"Implemented")+COUNTIF(F47:M47,"Partial")+COUNTIF(F47:M47,"Not Implemented"))) -> 2 | P47: =IF(COUNTA(F47:M47)=0,"",COUNTIF(F47:M47,"??")) -> 0 | Q47: =IF(COUNTA(F47:M47)=0,"",COUNTIF(F47:M47,"Partial")+COUNTIF(F47:M47,"Not Implemented")) -> 2 | R47: DS-01: Obsidian vault protection at rest DS-11: Obsidian vault backup / version history | S47: DS-01: Vault on FileVault disk; encrypted backup copy exists DS-11: Private Git repo or encrypted backup; restore tested | T47: The Obsidian career vault is stored locally on a MacBook protected by FileVault. No cloud synchronization, version control, or separate backup is currently configured. | U47: If the MacBook is lost, damaged, or the vault is accidentally deleted or corrupted, important career notes could be permanently lost. | V47: User confirmed the vault is stored locally on the MacBook, FileVault is enabled, no backup exists, and restore testing has not been performed. | W47: Create an encrypted backup or private version-controlled copy of the vault and test restoration periodically. | X47: F4 | Y47: PR-034, PR-042
A48: AST-058 | B48: =IF(A48="","",IFERROR(INDEX('Asset Register'!$B:$B,MATCH(A48,'Asset Register'!$A:$A,0)),"")) -> D-P01 | C48: =IF(A48="","",IFERROR(INDEX('Asset Register'!$E:$E,MATCH(A48,'Asset Register'!$A:$A,0)),"")) -> Passport | D48: =IF(A48="","",IFERROR(INDEX('Asset Register'!$D:$D,MATCH(A48,'Asset Register'!$A:$A,0)),"")) -> Physical | E48: =IF(A48="","",IFERROR(INDEX('Asset Register'!$J:$J,MATCH(A48,'Asset Register'!$A:$A,0)),"")) -> Critical | F48: N/A | G48: N/A | H48: N/A | I48: Partial | J48: N/A | K48: Implemented | L48: N/A | M48: N/A | N48: =IF(COUNTA(F48:M48)=0,"",IF((COUNTIF(F48:M48,"Implemented")+COUNTIF(F48:M48,"Partial")+COUNTIF(F48:M48,"Not Implemented"))+COUNTIF(F48:M48,"??")=0,"N/A",IF((COUNTIF(F48:M48,"Implemented")+COUNTIF(F48:M48,"Partial")+COUNTIF(F48:M48,"Not Implemented"))=0,"??",IF(COUNTIF(F48:M48,"Implemented")=(COUNTIF(F48:M48,"Implemented")+COUNTIF(F48:M48,"Partial")+COUNTIF(F48:M48,"Not Implemented")),"Implemented",IF(COUNTIF(F48:M48,"Not Implemented")=(COUNTIF(F48:M48,"Implemented")+COUNTIF(F48:M48,"Partial")+COUNTIF(F48:M48,"Not Implemented")),"Not Implemented","Partial"))))) -> Partial | O48: =IF(COUNTA(F48:M48)=0,"",(COUNTIF(F48:M48,"Implemented")+COUNTIF(F48:M48,"Partial")+COUNTIF(F48:M48,"Not Implemented"))) -> 2 | P48: =IF(COUNTA(F48:M48)=0,"",COUNTIF(F48:M48,"??")) -> 0 | Q48: =IF(COUNTA(F48:M48)=0,"",COUNTIF(F48:M48,"Partial")+COUNTIF(F48:M48,"Not Implemented")) -> 1 | R48: DS-01: Physical storage of passport (locked, known location) DS-11: Secure copy of document details kept for replacement | S48: DS-01: Locked storage; copy location documented DS-11: Encrypted scan or recorded number stored separately | T48: The passport is stored in a consistent, known location, but the storage location is not locked. A separate secure copy of the passport details and photo page is maintained for replacement purposes. | U48: An unlocked storage location increases the risk of unauthorized physical access, theft, or loss. A secure copy supports recovery but does not prevent misuse of the original document. | V48: User confirmed that the passport is kept in a designated but unlocked location and that a separate copy of the passport information is stored securely. | W48: Move the passport to a locked or otherwise access-controlled storage location while keeping the separate recovery copy in a different secure place. | Y48: PR-036
A49: AST-059 | B49: =IF(A49="","",IFERROR(INDEX('Asset Register'!$B:$B,MATCH(A49,'Asset Register'!$A:$A,0)),"")) -> D-P02 | C49: =IF(A49="","",IFERROR(INDEX('Asset Register'!$E:$E,MATCH(A49,'Asset Register'!$A:$A,0)),"")) -> Student status document (immigration) | D49: =IF(A49="","",IFERROR(INDEX('Asset Register'!$D:$D,MATCH(A49,'Asset Register'!$A:$A,0)),"")) -> Physical | E49: =IF(A49="","",IFERROR(INDEX('Asset Register'!$J:$J,MATCH(A49,'Asset Register'!$A:$A,0)),"")) -> Critical | F49: N/A | G49: N/A | H49: N/A | I49: Partial | J49: N/A | K49: Implemented | L49: N/A | M49: N/A | N49: =IF(COUNTA(F49:M49)=0,"",IF((COUNTIF(F49:M49,"Implemented")+COUNTIF(F49:M49,"Partial")+COUNTIF(F49:M49,"Not Implemented"))+COUNTIF(F49:M49,"??")=0,"N/A",IF((COUNTIF(F49:M49,"Implemented")+COUNTIF(F49:M49,"Partial")+COUNTIF(F49:M49,"Not Implemented"))=0,"??",IF(COUNTIF(F49:M49,"Implemented")=(COUNTIF(F49:M49,"Implemented")+COUNTIF(F49:M49,"Partial")+COUNTIF(F49:M49,"Not Implemented")),"Implemented",IF(COUNTIF(F49:M49,"Not Implemented")=(COUNTIF(F49:M49,"Implemented")+COUNTIF(F49:M49,"Partial")+COUNTIF(F49:M49,"Not Implemented")),"Not Implemented","Partial"))))) -> Partial | O49: =IF(COUNTA(F49:M49)=0,"",(COUNTIF(F49:M49,"Implemented")+COUNTIF(F49:M49,"Partial")+COUNTIF(F49:M49,"Not Implemented"))) -> 2 | P49: =IF(COUNTA(F49:M49)=0,"",COUNTIF(F49:M49,"??")) -> 0 | Q49: =IF(COUNTA(F49:M49)=0,"",COUNTIF(F49:M49,"Partial")+COUNTIF(F49:M49,"Not Implemented")) -> 1 | R49: DS-01: Stored in a secure, known location DS-11: Secure copy of document details kept for replacement | S49: DS-01: Locked storage; location known DS-11: Encrypted scan or recorded number stored separately | T49: Immigration and student-status documents are stored in a consistent, known location, but the physical storage is not locked. A separate digital copy is securely stored for recovery purposes | U49: An unlocked storage location increases the risk of loss, theft, or unauthorized physical access. The separate digital copy supports recovery but does not protect the original document from physical theft. | V49: User confirmed that student-status documents are kept in a designated but unlocked location and that a separate scanned or PDF copy is stored securely. | W49: Store the original immigration documents in a locked or otherwise access-controlled location and keep the recovery copy in a separate secure location.
A50: AST-060 | B50: =IF(A50="","",IFERROR(INDEX('Asset Register'!$B:$B,MATCH(A50,'Asset Register'!$A:$A,0)),"")) -> D-P03 | C50: =IF(A50="","",IFERROR(INDEX('Asset Register'!$E:$E,MATCH(A50,'Asset Register'!$A:$A,0)),"")) -> SSN-related documents | D50: =IF(A50="","",IFERROR(INDEX('Asset Register'!$D:$D,MATCH(A50,'Asset Register'!$A:$A,0)),"")) -> Physical | E50: =IF(A50="","",IFERROR(INDEX('Asset Register'!$J:$J,MATCH(A50,'Asset Register'!$A:$A,0)),"")) -> Critical | F50: N/A | G50: N/A | H50: N/A | I50: Partial | J50: N/A | K50: Implemented | L50: N/A | M50: N/A | N50: =IF(COUNTA(F50:M50)=0,"",IF((COUNTIF(F50:M50,"Implemented")+COUNTIF(F50:M50,"Partial")+COUNTIF(F50:M50,"Not Implemented"))+COUNTIF(F50:M50,"??")=0,"N/A",IF((COUNTIF(F50:M50,"Implemented")+COUNTIF(F50:M50,"Partial")+COUNTIF(F50:M50,"Not Implemented"))=0,"??",IF(COUNTIF(F50:M50,"Implemented")=(COUNTIF(F50:M50,"Implemented")+COUNTIF(F50:M50,"Partial")+COUNTIF(F50:M50,"Not Implemented")),"Implemented",IF(COUNTIF(F50:M50,"Not Implemented")=(COUNTIF(F50:M50,"Implemented")+COUNTIF(F50:M50,"Partial")+COUNTIF(F50:M50,"Not Implemented")),"Not Implemented","Partial"))))) -> Partial | O50: =IF(COUNTA(F50:M50)=0,"",(COUNTIF(F50:M50,"Implemented")+COUNTIF(F50:M50,"Partial")+COUNTIF(F50:M50,"Not Implemented"))) -> 2 | P50: =IF(COUNTA(F50:M50)=0,"",COUNTIF(F50:M50,"??")) -> 0 | Q50: =IF(COUNTA(F50:M50)=0,"",COUNTIF(F50:M50,"Partial")+COUNTIF(F50:M50,"Not Implemented")) -> 1 | R50: DS-01: Physical storage of SSN-related documents DS-11: Secure copy of document details kept for replacement | S50: DS-01: Locked storage; SSN card not carried DS-11: Encrypted scan or recorded number stored separately | T50: SSN-related documents are stored in a consistent, known location, but the storage location is not locked. A separate secure copy of the necessary SSN information is maintained for recovery purposes | U50: Unlocked storage increases the risk of unauthorized physical access, theft, or loss. Because SSN information is highly sensitive, exposure could create significant identity-theft risk. | V50: User confirmed that SSN-related documents are kept in a designated but unlocked location and that a separate secure copy of the necessary information is maintained. | W50: Store original SSN-related documents in a locked or otherwise access-controlled location and keep the recovery copy in a separate protected location. Detect | Y50: PR-037
A51: AST-061 | B51: =IF(A51="","",IFERROR(INDEX('Asset Register'!$B:$B,MATCH(A51,'Asset Register'!$A:$A,0)),"")) -> D-P04 | C51: =IF(A51="","",IFERROR(INDEX('Asset Register'!$E:$E,MATCH(A51,'Asset Register'!$A:$A,0)),"")) -> Physical credit/debit cards | D51: =IF(A51="","",IFERROR(INDEX('Asset Register'!$D:$D,MATCH(A51,'Asset Register'!$A:$A,0)),"")) -> Physical | E51: =IF(A51="","",IFERROR(INDEX('Asset Register'!$J:$J,MATCH(A51,'Asset Register'!$A:$A,0)),"")) -> High | F51: N/A | G51: N/A | H51: N/A | I51: Implemented | J51: N/A | K51: N/A | L51: N/A | M51: N/A | N51: =IF(COUNTA(F51:M51)=0,"",IF((COUNTIF(F51:M51,"Implemented")+COUNTIF(F51:M51,"Partial")+COUNTIF(F51:M51,"Not Implemented"))+COUNTIF(F51:M51,"??")=0,"N/A",IF((COUNTIF(F51:M51,"Implemented")+COUNTIF(F51:M51,"Partial")+COUNTIF(F51:M51,"Not Implemented"))=0,"??",IF(COUNTIF(F51:M51,"Implemented")=(COUNTIF(F51:M51,"Implemented")+COUNTIF(F51:M51,"Partial")+COUNTIF(F51:M51,"Not Implemented")),"Implemented",IF(COUNTIF(F51:M51,"Not Implemented")=(COUNTIF(F51:M51,"Implemented")+COUNTIF(F51:M51,"Partial")+COUNTIF(F51:M51,"Not Implemented")),"Not Implemented","Partial"))))) -> Implemented | O51: =IF(COUNTA(F51:M51)=0,"",(COUNTIF(F51:M51,"Implemented")+COUNTIF(F51:M51,"Partial")+COUNTIF(F51:M51,"Not Implemented"))) -> 1 | P51: =IF(COUNTA(F51:M51)=0,"",COUNTIF(F51:M51,"??")) -> 0 | Q51: =IF(COUNTA(F51:M51)=0,"",COUNTIF(F51:M51,"Partial")+COUNTIF(F51:M51,"Not Implemented")) -> 0 | R51: DS-01: Stored in a secure, known location | S51: DS-01: Secure storage; location known | T51: Physical credit and debit cards are stored in a consistent, secure location when not in use. | U51: Keeping cards in a known secure location reduces the risk of loss or unauthorized physical access. | V51: User confirmed that physical credit and debit cards are stored in a designated secure location. | W51: Continue storing unused cards in the same secure location and avoid carrying cards that are not needed.
A52: AST-063 | B52: =IF(A52="","",IFERROR(INDEX('Asset Register'!$B:$B,MATCH(A52,'Asset Register'!$A:$A,0)),"")) -> 0 | C52: =IF(A52="","",IFERROR(INDEX('Asset Register'!$E:$E,MATCH(A52,'Asset Register'!$A:$A,0)),"")) -> 0 | D52: =IF(A52="","",IFERROR(INDEX('Asset Register'!$D:$D,MATCH(A52,'Asset Register'!$A:$A,0)),"")) -> 0 | E52: =IF(A52="","",IFERROR(INDEX('Asset Register'!$J:$J,MATCH(A52,'Asset Register'!$A:$A,0)),"")) -> 0 | N52: =IF(COUNTA(F52:M52)=0,"",IF((COUNTIF(F52:M52,"Implemented")+COUNTIF(F52:M52,"Partial")+COUNTIF(F52:M52,"Not Implemented"))+COUNTIF(F52:M52,"??")=0,"N/A",IF((COUNTIF(F52:M52,"Implemented")+COUNTIF(F52:M52,"Partial")+COUNTIF(F52:M52,"Not Implemented"))=0,"??",IF(COUNTIF(F52:M52,"Implemented")=(COUNTIF(F52:M52,"Implemented")+COUNTIF(F52:M52,"Partial")+COUNTIF(F52:M52,"Not Implemented")),"Implemented",IF(COUNTIF(F52:M52,"Not Implemented")=(COUNTIF(F52:M52,"Implemented")+COUNTIF(F52:M52,"Partial")+COUNTIF(F52:M52,"Not Implemented")),"Not Implemented","Partial"))))) | O52: =IF(COUNTA(F52:M52)=0,"",(COUNTIF(F52:M52,"Implemented")+COUNTIF(F52:M52,"Partial")+COUNTIF(F52:M52,"Not Implemented"))) | P52: =IF(COUNTA(F52:M52)=0,"",COUNTIF(F52:M52,"??")) | Q52: =IF(COUNTA(F52:M52)=0,"",COUNTIF(F52:M52,"Partial")+COUNTIF(F52:M52,"Not Implemented"))
A53: AST-064 | B53: =IF(A53="","",IFERROR(INDEX('Asset Register'!$B:$B,MATCH(A53,'Asset Register'!$A:$A,0)),"")) -> 0 | C53: =IF(A53="","",IFERROR(INDEX('Asset Register'!$E:$E,MATCH(A53,'Asset Register'!$A:$A,0)),"")) -> 0 | D53: =IF(A53="","",IFERROR(INDEX('Asset Register'!$D:$D,MATCH(A53,'Asset Register'!$A:$A,0)),"")) -> 0 | E53: =IF(A53="","",IFERROR(INDEX('Asset Register'!$J:$J,MATCH(A53,'Asset Register'!$A:$A,0)),"")) -> 0 | N53: =IF(COUNTA(F53:M53)=0,"",IF((COUNTIF(F53:M53,"Implemented")+COUNTIF(F53:M53,"Partial")+COUNTIF(F53:M53,"Not Implemented"))+COUNTIF(F53:M53,"??")=0,"N/A",IF((COUNTIF(F53:M53,"Implemented")+COUNTIF(F53:M53,"Partial")+COUNTIF(F53:M53,"Not Implemented"))=0,"??",IF(COUNTIF(F53:M53,"Implemented")=(COUNTIF(F53:M53,"Implemented")+COUNTIF(F53:M53,"Partial")+COUNTIF(F53:M53,"Not Implemented")),"Implemented",IF(COUNTIF(F53:M53,"Not Implemented")=(COUNTIF(F53:M53,"Implemented")+COUNTIF(F53:M53,"Partial")+COUNTIF(F53:M53,"Not Implemented")),"Not Implemented","Partial"))))) | O53: =IF(COUNTA(F53:M53)=0,"",(COUNTIF(F53:M53,"Implemented")+COUNTIF(F53:M53,"Partial")+COUNTIF(F53:M53,"Not Implemented"))) | P53: =IF(COUNTA(F53:M53)=0,"",COUNTIF(F53:M53,"??")) | Q53: =IF(COUNTA(F53:M53)=0,"",COUNTIF(F53:M53,"Partial")+COUNTIF(F53:M53,"Not Implemented"))
A54: AST-065 | B54: =IF(A54="","",IFERROR(INDEX('Asset Register'!$B:$B,MATCH(A54,'Asset Register'!$A:$A,0)),"")) -> 0 | C54: =IF(A54="","",IFERROR(INDEX('Asset Register'!$E:$E,MATCH(A54,'Asset Register'!$A:$A,0)),"")) -> 0 | D54: =IF(A54="","",IFERROR(INDEX('Asset Register'!$D:$D,MATCH(A54,'Asset Register'!$A:$A,0)),"")) -> 0 | E54: =IF(A54="","",IFERROR(INDEX('Asset Register'!$J:$J,MATCH(A54,'Asset Register'!$A:$A,0)),"")) -> 0 | N54: =IF(COUNTA(F54:M54)=0,"",IF((COUNTIF(F54:M54,"Implemented")+COUNTIF(F54:M54,"Partial")+COUNTIF(F54:M54,"Not Implemented"))+COUNTIF(F54:M54,"??")=0,"N/A",IF((COUNTIF(F54:M54,"Implemented")+COUNTIF(F54:M54,"Partial")+COUNTIF(F54:M54,"Not Implemented"))=0,"??",IF(COUNTIF(F54:M54,"Implemented")=(COUNTIF(F54:M54,"Implemented")+COUNTIF(F54:M54,"Partial")+COUNTIF(F54:M54,"Not Implemented")),"Implemented",IF(COUNTIF(F54:M54,"Not Implemented")=(COUNTIF(F54:M54,"Implemented")+COUNTIF(F54:M54,"Partial")+COUNTIF(F54:M54,"Not Implemented")),"Not Implemented","Partial"))))) | O54: =IF(COUNTA(F54:M54)=0,"",(COUNTIF(F54:M54,"Implemented")+COUNTIF(F54:M54,"Partial")+COUNTIF(F54:M54,"Not Implemented"))) | P54: =IF(COUNTA(F54:M54)=0,"",COUNTIF(F54:M54,"??")) | Q54: =IF(COUNTA(F54:M54)=0,"",COUNTIF(F54:M54,"Partial")+COUNTIF(F54:M54,"Not Implemented"))
A55: AST-066 | B55: =IF(A55="","",IFERROR(INDEX('Asset Register'!$B:$B,MATCH(A55,'Asset Register'!$A:$A,0)),"")) -> 0 | C55: =IF(A55="","",IFERROR(INDEX('Asset Register'!$E:$E,MATCH(A55,'Asset Register'!$A:$A,0)),"")) -> 0 | D55: =IF(A55="","",IFERROR(INDEX('Asset Register'!$D:$D,MATCH(A55,'Asset Register'!$A:$A,0)),"")) -> 0 | E55: =IF(A55="","",IFERROR(INDEX('Asset Register'!$J:$J,MATCH(A55,'Asset Register'!$A:$A,0)),"")) -> 0 | N55: =IF(COUNTA(F55:M55)=0,"",IF((COUNTIF(F55:M55,"Implemented")+COUNTIF(F55:M55,"Partial")+COUNTIF(F55:M55,"Not Implemented"))+COUNTIF(F55:M55,"??")=0,"N/A",IF((COUNTIF(F55:M55,"Implemented")+COUNTIF(F55:M55,"Partial")+COUNTIF(F55:M55,"Not Implemented"))=0,"??",IF(COUNTIF(F55:M55,"Implemented")=(COUNTIF(F55:M55,"Implemented")+COUNTIF(F55:M55,"Partial")+COUNTIF(F55:M55,"Not Implemented")),"Implemented",IF(COUNTIF(F55:M55,"Not Implemented")=(COUNTIF(F55:M55,"Implemented")+COUNTIF(F55:M55,"Partial")+COUNTIF(F55:M55,"Not Implemented")),"Not Implemented","Partial"))))) | O55: =IF(COUNTA(F55:M55)=0,"",(COUNTIF(F55:M55,"Implemented")+COUNTIF(F55:M55,"Partial")+COUNTIF(F55:M55,"Not Implemented"))) | P55: =IF(COUNTA(F55:M55)=0,"",COUNTIF(F55:M55,"??")) | Q55: =IF(COUNTA(F55:M55)=0,"",COUNTIF(F55:M55,"Partial")+COUNTIF(F55:M55,"Not Implemented"))
A56: AST-067 | B56: =IF(A56="","",IFERROR(INDEX('Asset Register'!$B:$B,MATCH(A56,'Asset Register'!$A:$A,0)),"")) -> 0 | C56: =IF(A56="","",IFERROR(INDEX('Asset Register'!$E:$E,MATCH(A56,'Asset Register'!$A:$A,0)),"")) -> 0 | D56: =IF(A56="","",IFERROR(INDEX('Asset Register'!$D:$D,MATCH(A56,'Asset Register'!$A:$A,0)),"")) -> 0 | E56: =IF(A56="","",IFERROR(INDEX('Asset Register'!$J:$J,MATCH(A56,'Asset Register'!$A:$A,0)),"")) -> 0 | N56: =IF(COUNTA(F56:M56)=0,"",IF((COUNTIF(F56:M56,"Implemented")+COUNTIF(F56:M56,"Partial")+COUNTIF(F56:M56,"Not Implemented"))+COUNTIF(F56:M56,"??")=0,"N/A",IF((COUNTIF(F56:M56,"Implemented")+COUNTIF(F56:M56,"Partial")+COUNTIF(F56:M56,"Not Implemented"))=0,"??",IF(COUNTIF(F56:M56,"Implemented")=(COUNTIF(F56:M56,"Implemented")+COUNTIF(F56:M56,"Partial")+COUNTIF(F56:M56,"Not Implemented")),"Implemented",IF(COUNTIF(F56:M56,"Not Implemented")=(COUNTIF(F56:M56,"Implemented")+COUNTIF(F56:M56,"Partial")+COUNTIF(F56:M56,"Not Implemented")),"Not Implemented","Partial"))))) | O56: =IF(COUNTA(F56:M56)=0,"",(COUNTIF(F56:M56,"Implemented")+COUNTIF(F56:M56,"Partial")+COUNTIF(F56:M56,"Not Implemented"))) | P56: =IF(COUNTA(F56:M56)=0,"",COUNTIF(F56:M56,"??")) | Q56: =IF(COUNTA(F56:M56)=0,"",COUNTIF(F56:M56,"Partial")+COUNTIF(F56:M56,"Not Implemented"))
A57: AST-068 | B57: =IF(A57="","",IFERROR(INDEX('Asset Register'!$B:$B,MATCH(A57,'Asset Register'!$A:$A,0)),"")) -> 0 | C57: =IF(A57="","",IFERROR(INDEX('Asset Register'!$E:$E,MATCH(A57,'Asset Register'!$A:$A,0)),"")) -> 0 | D57: =IF(A57="","",IFERROR(INDEX('Asset Register'!$D:$D,MATCH(A57,'Asset Register'!$A:$A,0)),"")) -> 0 | E57: =IF(A57="","",IFERROR(INDEX('Asset Register'!$J:$J,MATCH(A57,'Asset Register'!$A:$A,0)),"")) -> 0 | N57: =IF(COUNTA(F57:M57)=0,"",IF((COUNTIF(F57:M57,"Implemented")+COUNTIF(F57:M57,"Partial")+COUNTIF(F57:M57,"Not Implemented"))+COUNTIF(F57:M57,"??")=0,"N/A",IF((COUNTIF(F57:M57,"Implemented")+COUNTIF(F57:M57,"Partial")+COUNTIF(F57:M57,"Not Implemented"))=0,"??",IF(COUNTIF(F57:M57,"Implemented")=(COUNTIF(F57:M57,"Implemented")+COUNTIF(F57:M57,"Partial")+COUNTIF(F57:M57,"Not Implemented")),"Implemented",IF(COUNTIF(F57:M57,"Not Implemented")=(COUNTIF(F57:M57,"Implemented")+COUNTIF(F57:M57,"Partial")+COUNTIF(F57:M57,"Not Implemented")),"Not Implemented","Partial"))))) | O57: =IF(COUNTA(F57:M57)=0,"",(COUNTIF(F57:M57,"Implemented")+COUNTIF(F57:M57,"Partial")+COUNTIF(F57:M57,"Not Implemented"))) | P57: =IF(COUNTA(F57:M57)=0,"",COUNTIF(F57:M57,"??")) | Q57: =IF(COUNTA(F57:M57)=0,"",COUNTIF(F57:M57,"Partial")+COUNTIF(F57:M57,"Not Implemented"))
A58: AST-069 | B58: =IF(A58="","",IFERROR(INDEX('Asset Register'!$B:$B,MATCH(A58,'Asset Register'!$A:$A,0)),"")) -> 0 | C58: =IF(A58="","",IFERROR(INDEX('Asset Register'!$E:$E,MATCH(A58,'Asset Register'!$A:$A,0)),"")) -> 0 | D58: =IF(A58="","",IFERROR(INDEX('Asset Register'!$D:$D,MATCH(A58,'Asset Register'!$A:$A,0)),"")) -> 0 | E58: =IF(A58="","",IFERROR(INDEX('Asset Register'!$J:$J,MATCH(A58,'Asset Register'!$A:$A,0)),"")) -> 0 | N58: =IF(COUNTA(F58:M58)=0,"",IF((COUNTIF(F58:M58,"Implemented")+COUNTIF(F58:M58,"Partial")+COUNTIF(F58:M58,"Not Implemented"))+COUNTIF(F58:M58,"??")=0,"N/A",IF((COUNTIF(F58:M58,"Implemented")+COUNTIF(F58:M58,"Partial")+COUNTIF(F58:M58,"Not Implemented"))=0,"??",IF(COUNTIF(F58:M58,"Implemented")=(COUNTIF(F58:M58,"Implemented")+COUNTIF(F58:M58,"Partial")+COUNTIF(F58:M58,"Not Implemented")),"Implemented",IF(COUNTIF(F58:M58,"Not Implemented")=(COUNTIF(F58:M58,"Implemented")+COUNTIF(F58:M58,"Partial")+COUNTIF(F58:M58,"Not Implemented")),"Not Implemented","Partial"))))) | O58: =IF(COUNTA(F58:M58)=0,"",(COUNTIF(F58:M58,"Implemented")+COUNTIF(F58:M58,"Partial")+COUNTIF(F58:M58,"Not Implemented"))) | P58: =IF(COUNTA(F58:M58)=0,"",COUNTIF(F58:M58,"??")) | Q58: =IF(COUNTA(F58:M58)=0,"",COUNTIF(F58:M58,"Partial")+COUNTIF(F58:M58,"Not Implemented"))
A59: AST-070 | B59: =IF(A59="","",IFERROR(INDEX('Asset Register'!$B:$B,MATCH(A59,'Asset Register'!$A:$A,0)),"")) -> 0 | C59: =IF(A59="","",IFERROR(INDEX('Asset Register'!$E:$E,MATCH(A59,'Asset Register'!$A:$A,0)),"")) -> 0 | D59: =IF(A59="","",IFERROR(INDEX('Asset Register'!$D:$D,MATCH(A59,'Asset Register'!$A:$A,0)),"")) -> 0 | E59: =IF(A59="","",IFERROR(INDEX('Asset Register'!$J:$J,MATCH(A59,'Asset Register'!$A:$A,0)),"")) -> 0 | N59: =IF(COUNTA(F59:M59)=0,"",IF((COUNTIF(F59:M59,"Implemented")+COUNTIF(F59:M59,"Partial")+COUNTIF(F59:M59,"Not Implemented"))+COUNTIF(F59:M59,"??")=0,"N/A",IF((COUNTIF(F59:M59,"Implemented")+COUNTIF(F59:M59,"Partial")+COUNTIF(F59:M59,"Not Implemented"))=0,"??",IF(COUNTIF(F59:M59,"Implemented")=(COUNTIF(F59:M59,"Implemented")+COUNTIF(F59:M59,"Partial")+COUNTIF(F59:M59,"Not Implemented")),"Implemented",IF(COUNTIF(F59:M59,"Not Implemented")=(COUNTIF(F59:M59,"Implemented")+COUNTIF(F59:M59,"Partial")+COUNTIF(F59:M59,"Not Implemented")),"Not Implemented","Partial"))))) | O59: =IF(COUNTA(F59:M59)=0,"",(COUNTIF(F59:M59,"Implemented")+COUNTIF(F59:M59,"Partial")+COUNTIF(F59:M59,"Not Implemented"))) | P59: =IF(COUNTA(F59:M59)=0,"",COUNTIF(F59:M59,"??")) | Q59: =IF(COUNTA(F59:M59)=0,"",COUNTIF(F59:M59,"Partial")+COUNTIF(F59:M59,"Not Implemented"))
A60: AST-071 | B60: =IF(A60="","",IFERROR(INDEX('Asset Register'!$B:$B,MATCH(A60,'Asset Register'!$A:$A,0)),"")) -> 0 | C60: =IF(A60="","",IFERROR(INDEX('Asset Register'!$E:$E,MATCH(A60,'Asset Register'!$A:$A,0)),"")) -> 0 | D60: =IF(A60="","",IFERROR(INDEX('Asset Register'!$D:$D,MATCH(A60,'Asset Register'!$A:$A,0)),"")) -> 0 | E60: =IF(A60="","",IFERROR(INDEX('Asset Register'!$J:$J,MATCH(A60,'Asset Register'!$A:$A,0)),"")) -> 0 | N60: =IF(COUNTA(F60:M60)=0,"",IF((COUNTIF(F60:M60,"Implemented")+COUNTIF(F60:M60,"Partial")+COUNTIF(F60:M60,"Not Implemented"))+COUNTIF(F60:M60,"??")=0,"N/A",IF((COUNTIF(F60:M60,"Implemented")+COUNTIF(F60:M60,"Partial")+COUNTIF(F60:M60,"Not Implemented"))=0,"??",IF(COUNTIF(F60:M60,"Implemented")=(COUNTIF(F60:M60,"Implemented")+COUNTIF(F60:M60,"Partial")+COUNTIF(F60:M60,"Not Implemented")),"Implemented",IF(COUNTIF(F60:M60,"Not Implemented")=(COUNTIF(F60:M60,"Implemented")+COUNTIF(F60:M60,"Partial")+COUNTIF(F60:M60,"Not Implemented")),"Not Implemented","Partial"))))) | O60: =IF(COUNTA(F60:M60)=0,"",(COUNTIF(F60:M60,"Implemented")+COUNTIF(F60:M60,"Partial")+COUNTIF(F60:M60,"Not Implemented"))) | P60: =IF(COUNTA(F60:M60)=0,"",COUNTIF(F60:M60,"??")) | Q60: =IF(COUNTA(F60:M60)=0,"",COUNTIF(F60:M60,"Partial")+COUNTIF(F60:M60,"Not Implemented"))
A61: AST-072 | B61: =IF(A61="","",IFERROR(INDEX('Asset Register'!$B:$B,MATCH(A61,'Asset Register'!$A:$A,0)),"")) -> 0 | C61: =IF(A61="","",IFERROR(INDEX('Asset Register'!$E:$E,MATCH(A61,'Asset Register'!$A:$A,0)),"")) -> 0 | D61: =IF(A61="","",IFERROR(INDEX('Asset Register'!$D:$D,MATCH(A61,'Asset Register'!$A:$A,0)),"")) -> 0 | E61: =IF(A61="","",IFERROR(INDEX('Asset Register'!$J:$J,MATCH(A61,'Asset Register'!$A:$A,0)),"")) -> 0 | N61: =IF(COUNTA(F61:M61)=0,"",IF((COUNTIF(F61:M61,"Implemented")+COUNTIF(F61:M61,"Partial")+COUNTIF(F61:M61,"Not Implemented"))+COUNTIF(F61:M61,"??")=0,"N/A",IF((COUNTIF(F61:M61,"Implemented")+COUNTIF(F61:M61,"Partial")+COUNTIF(F61:M61,"Not Implemented"))=0,"??",IF(COUNTIF(F61:M61,"Implemented")=(COUNTIF(F61:M61,"Implemented")+COUNTIF(F61:M61,"Partial")+COUNTIF(F61:M61,"Not Implemented")),"Implemented",IF(COUNTIF(F61:M61,"Not Implemented")=(COUNTIF(F61:M61,"Implemented")+COUNTIF(F61:M61,"Partial")+COUNTIF(F61:M61,"Not Implemented")),"Not Implemented","Partial"))))) | O61: =IF(COUNTA(F61:M61)=0,"",(COUNTIF(F61:M61,"Implemented")+COUNTIF(F61:M61,"Partial")+COUNTIF(F61:M61,"Not Implemented"))) | P61: =IF(COUNTA(F61:M61)=0,"",COUNTIF(F61:M61,"??")) | Q61: =IF(COUNTA(F61:M61)=0,"",COUNTIF(F61:M61,"Partial")+COUNTIF(F61:M61,"Not Implemented"))
A62: AST-073 | B62: =IF(A62="","",IFERROR(INDEX('Asset Register'!$B:$B,MATCH(A62,'Asset Register'!$A:$A,0)),"")) -> 0 | C62: =IF(A62="","",IFERROR(INDEX('Asset Register'!$E:$E,MATCH(A62,'Asset Register'!$A:$A,0)),"")) -> 0 | D62: =IF(A62="","",IFERROR(INDEX('Asset Register'!$D:$D,MATCH(A62,'Asset Register'!$A:$A,0)),"")) -> 0 | E62: =IF(A62="","",IFERROR(INDEX('Asset Register'!$J:$J,MATCH(A62,'Asset Register'!$A:$A,0)),"")) -> 0 | N62: =IF(COUNTA(F62:M62)=0,"",IF((COUNTIF(F62:M62,"Implemented")+COUNTIF(F62:M62,"Partial")+COUNTIF(F62:M62,"Not Implemented"))+COUNTIF(F62:M62,"??")=0,"N/A",IF((COUNTIF(F62:M62,"Implemented")+COUNTIF(F62:M62,"Partial")+COUNTIF(F62:M62,"Not Implemented"))=0,"??",IF(COUNTIF(F62:M62,"Implemented")=(COUNTIF(F62:M62,"Implemented")+COUNTIF(F62:M62,"Partial")+COUNTIF(F62:M62,"Not Implemented")),"Implemented",IF(COUNTIF(F62:M62,"Not Implemented")=(COUNTIF(F62:M62,"Implemented")+COUNTIF(F62:M62,"Partial")+COUNTIF(F62:M62,"Not Implemented")),"Not Implemented","Partial"))))) | O62: =IF(COUNTA(F62:M62)=0,"",(COUNTIF(F62:M62,"Implemented")+COUNTIF(F62:M62,"Partial")+COUNTIF(F62:M62,"Not Implemented"))) | P62: =IF(COUNTA(F62:M62)=0,"",COUNTIF(F62:M62,"??")) | Q62: =IF(COUNTA(F62:M62)=0,"",COUNTIF(F62:M62,"Partial")+COUNTIF(F62:M62,"Not Implemented"))
A63: AST-074 | B63: =IF(A63="","",IFERROR(INDEX('Asset Register'!$B:$B,MATCH(A63,'Asset Register'!$A:$A,0)),"")) -> 0 | C63: =IF(A63="","",IFERROR(INDEX('Asset Register'!$E:$E,MATCH(A63,'Asset Register'!$A:$A,0)),"")) -> 0 | D63: =IF(A63="","",IFERROR(INDEX('Asset Register'!$D:$D,MATCH(A63,'Asset Register'!$A:$A,0)),"")) -> 0 | E63: =IF(A63="","",IFERROR(INDEX('Asset Register'!$J:$J,MATCH(A63,'Asset Register'!$A:$A,0)),"")) -> 0 | N63: =IF(COUNTA(F63:M63)=0,"",IF((COUNTIF(F63:M63,"Implemented")+COUNTIF(F63:M63,"Partial")+COUNTIF(F63:M63,"Not Implemented"))+COUNTIF(F63:M63,"??")=0,"N/A",IF((COUNTIF(F63:M63,"Implemented")+COUNTIF(F63:M63,"Partial")+COUNTIF(F63:M63,"Not Implemented"))=0,"??",IF(COUNTIF(F63:M63,"Implemented")=(COUNTIF(F63:M63,"Implemented")+COUNTIF(F63:M63,"Partial")+COUNTIF(F63:M63,"Not Implemented")),"Implemented",IF(COUNTIF(F63:M63,"Not Implemented")=(COUNTIF(F63:M63,"Implemented")+COUNTIF(F63:M63,"Partial")+COUNTIF(F63:M63,"Not Implemented")),"Not Implemented","Partial"))))) | O63: =IF(COUNTA(F63:M63)=0,"",(COUNTIF(F63:M63,"Implemented")+COUNTIF(F63:M63,"Partial")+COUNTIF(F63:M63,"Not Implemented"))) | P63: =IF(COUNTA(F63:M63)=0,"",COUNTIF(F63:M63,"??")) | Q63: =IF(COUNTA(F63:M63)=0,"",COUNTIF(F63:M63,"Partial")+COUNTIF(F63:M63,"Not Implemented"))
... A89: AST-100 | B89: =IF(A89="","",IFERROR(INDEX('Asset Register'!$B:$B,MATCH(A89,'Asset Register'!$A:$A,0)),"")) -> 0 | C89: =IF(A89="","",IFERROR(INDEX('Asset Register'!$E:$E,MATCH(A89,'Asset Register'!$A:$A,0)),"")) -> 0 | D89: =IF(A89="","",IFERROR(INDEX('Asset Register'!$D:$D,MATCH(A89,'Asset Register'!$A:$A,0)),"")) -> 0 | E89: =IF(A89="","",IFERROR(INDEX('Asset Register'!$J:$J,MATCH(A89,'Asset Register'!$A:$A,0)),"")) -> 0 | N89: =IF(COUNTA(F89:M89)=0,"",IF((COUNTIF(F89:M89,"Implemented")+COUNTIF(F89:M89,"Partial")+COUNTIF(F89:M89,"Not Implemented"))+COUNTIF(F89:M89,"??")=0,"N/A",IF((COUNTIF(F89:M89,"Implemented")+COUNTIF(F89:M89,"Partial")+COUNTIF(F89:M89,"Not Implemented"))=0,"??",IF(COUNTIF(F89:M89,"Implemented")=(COUNTIF(F89:M89,"Implemented")+COUNTIF(F89:M89,"Partial")+COUNTIF(F89:M89,"Not Implemented")),"Implemented",IF(COUNTIF(F89:M89,"Not Implemented")=(COUNTIF(F89:M89,"Implemented")+COUNTIF(F89:M89,"Partial")+COUNTIF(F89:M89,"Not Implemented")),"Not Implemented","Partial"))))) | O89: =IF(COUNTA(F89:M89)=0,"",(COUNTIF(F89:M89,"Implemented")+COUNTIF(F89:M89,"Partial")+COUNTIF(F89:M89,"Not Implemented"))) | P89: =IF(COUNTA(F89:M89)=0,"",COUNTIF(F89:M89,"??")) | Q89: =IF(COUNTA(F89:M89)=0,"",COUNTIF(F89:M89,"Partial")+COUNTIF(F89:M89,"Not Implemented"))

Sheet Detect Assessment
A1: Detect (DE) Assessment — NIST CSF 2.0 (asset x subcategory matrix)
A2: One row per asset (= 01-asset-inventory.md). Set each subcategory cell to a Status; N/A = not applicable to this asset (see Guide). Grey = formulas. Your original text is carried over verbatim; blue column = reviewer suggestions only.
A4: Asset ID | B4: Source ID | C4: Asset Name | D4: Category | E4: Priority | F4: DE.CM-01 Network monitoring | G4: DE.CM-02 Physical monitoring | H4: DE.CM-03 Account activity | I4: DE.CM-06 Provider alerts | J4: DE.CM-09 Device / data integrity | K4: Overall | L4: Assessed | M4: Remaining ?? | N4: Gaps | O4: Checklist (per subcategory) | P4: Target State | Q4: Current State | R4: Risk if Gap | S4: Evidence / Notes | T4: Remediation Action | U4: Related Finding | V4: Migrated From | W4: Reviewer Comment
A5: AST-001 | B5: =IF(A5="","",IFERROR(INDEX('Asset Register'!$B:$B,MATCH(A5,'Asset Register'!$A:$A,0)),"")) -> H-01 | C5: =IF(A5="","",IFERROR(INDEX('Asset Register'!$E:$E,MATCH(A5,'Asset Register'!$A:$A,0)),"")) -> MacBook Air (M4) | D5: =IF(A5="","",IFERROR(INDEX('Asset Register'!$D:$D,MATCH(A5,'Asset Register'!$A:$A,0)),"")) -> Device | E5: =IF(A5="","",IFERROR(INDEX('Asset Register'!$J:$J,MATCH(A5,'Asset Register'!$A:$A,0)),"")) -> Critical | F5: Not Implemented | G5: Partial | H5: Not Implemented | I5: Not Implemented | J5: Not Implemented | K5: =IF(COUNTA(F5:J5)=0,"",IF((COUNTIF(F5:J5,"Implemented")+COUNTIF(F5:J5,"Partial")+COUNTIF(F5:J5,"Not Implemented"))+COUNTIF(F5:J5,"??")=0,"N/A",IF((COUNTIF(F5:J5,"Implemented")+COUNTIF(F5:J5,"Partial")+COUNTIF(F5:J5,"Not Implemented"))=0,"??",IF(COUNTIF(F5:J5,"Implemented")=(COUNTIF(F5:J5,"Implemented")+COUNTIF(F5:J5,"Partial")+COUNTIF(F5:J5,"Not Implemented")),"Implemented",IF(COUNTIF(F5:J5,"Not Implemented")=(COUNTIF(F5:J5,"Implemented")+COUNTIF(F5:J5,"Partial")+COUNTIF(F5:J5,"Not Implemented")),"Not Implemented","Partial"))))) -> Partial | L5: =IF(COUNTA(F5:J5)=0,"",(COUNTIF(F5:J5,"Implemented")+COUNTIF(F5:J5,"Partial")+COUNTIF(F5:J5,"Not Implemented"))) -> 5 | M5: =IF(COUNTA(F5:J5)=0,"",COUNTIF(F5:J5,"??")) -> 0 | N5: =IF(COUNTA(F5:J5)=0,"",COUNTIF(F5:J5,"Partial")+COUNTIF(F5:J5,"Not Implemented")) -> 5 | O5: CM-01: Outbound connection monitoring on the laptop (e.g., LuLu / Little Snitch) CM-02: Find My Mac enabled; loss would be noticed quickly CM-09: Malware protection (XProtect updates); login items & profiles reviewed AE-04: Can I list what is affected if this device is lost? AE-08: Criteria for declaring loss / theft an incident | P5: CM-01: Outbound firewall alerts on new connections CM-02: Find My Mac ON; Activation Lock active CM-09: Security updates auto-installed; login items reviewed monthly AE-04: Dependency list maintained AE-08: Defined trigger (e.g., missing > 30 min -> Mark as Lost) | Q5: No outbound connection monitoring tool such as LuLu or Little Snitch is used. Find My Mac is disabled, while Activation Lock is enabled. Login Items and Configuration Profiles are not reviewed regularly. No defined process exists for determining the impact scope of suspicious activity, and no criteria are defined for declaring a security incident | R5: Suspicious outbound connections, persistence mechanisms, or unauthorized configuration changes may not be detected promptly. Disabling Find My Mac reduces the ability to locate the device after loss or theft. | S5: User confirmed no outbound monitoring, Find My Mac OFF, Activation Lock ON, no regular review of Login Items or Configuration Profiles, no impact-scope procedure, and no defined incident criteria. | T5: Enable Find My Mac, consider outbound connection monitoring, review Login Items and Configuration Profiles periodically, and define simple impact-assessment and incident-declaration criteria. | U5: F5 | V5: DE-002, DE-005, DE-024
A6: AST-002 | B6: =IF(A6="","",IFERROR(INDEX('Asset Register'!$B:$B,MATCH(A6,'Asset Register'!$A:$A,0)),"")) -> H-02 | C6: =IF(A6="","",IFERROR(INDEX('Asset Register'!$E:$E,MATCH(A6,'Asset Register'!$A:$A,0)),"")) -> iPhone 14 | D6: =IF(A6="","",IFERROR(INDEX('Asset Register'!$D:$D,MATCH(A6,'Asset Register'!$A:$A,0)),"")) -> Device | E6: =IF(A6="","",IFERROR(INDEX('Asset Register'!$J:$J,MATCH(A6,'Asset Register'!$A:$A,0)),"")) -> Critical | F6: Not Implemented | G6: Not Implemented | H6: Partial | I6: Partial | J6: Not Implemented | K6: =IF(COUNTA(F6:J6)=0,"",IF((COUNTIF(F6:J6,"Implemented")+COUNTIF(F6:J6,"Partial")+COUNTIF(F6:J6,"Not Implemented"))+COUNTIF(F6:J6,"??")=0,"N/A",IF((COUNTIF(F6:J6,"Implemented")+COUNTIF(F6:J6,"Partial")+COUNTIF(F6:J6,"Not Implemented"))=0,"??",IF(COUNTIF(F6:J6,"Implemented")=(COUNTIF(F6:J6,"Implemented")+COUNTIF(F6:J6,"Partial")+COUNTIF(F6:J6,"Not Implemented")),"Implemented",IF(COUNTIF(F6:J6,"Not Implemented")=(COUNTIF(F6:J6,"Implemented")+COUNTIF(F6:J6,"Partial")+COUNTIF(F6:J6,"Not Implemented")),"Not Implemented","Partial"))))) -> Partial | L6: =IF(COUNTA(F6:J6)=0,"",(COUNTIF(F6:J6,"Implemented")+COUNTIF(F6:J6,"Partial")+COUNTIF(F6:J6,"Not Implemented"))) -> 5 | M6: =IF(COUNTA(F6:J6)=0,"",COUNTIF(F6:J6,"??")) -> 0 | N6: =IF(COUNTA(F6:J6)=0,"",COUNTIF(F6:J6,"Partial")+COUNTIF(F6:J6,"Not Implemented")) -> 5 | O6: CM-01: Unknown VPN / DNS profiles and Wi-Fi security warnings noticed CM-02: Find My enabled; "Notify When Left Behind" configured CM-09: Unknown configuration profiles; Safety Check results AE-04: Can I quickly list what is affected if the iPhone is lost (2FA, cards, accounts)? AE-06: Alerts still reach me if the iPhone is lost / stolen AE-08: Criteria for declaring a lost / stolen iPhone an incident | P6: CM-01: VPN & DNS settings checked monthly; Wi-Fi warnings not ignored CM-02: Find My ON; left-behind alerts ON (paired with Mac / iPad) CM-09: No unknown profiles; Safety Check run quarterly AE-04: Dependency list of iPhone-bound accounts / cards maintained AE-06: Secondary alert channel (laptop / email) available AE-08: Defined trigger (e.g., missing > 30 min -> Mark as Lost) | Q6: VPN / DNS settings and Wi-Fi security warnings are not reviewed regularly. Find My iPhone is disabled. No unknown configuration profiles were identified, but Safety Check is not performed regularly. No dependency list or procedure exists for determining the impact of a lost iPhone. | R6: Suspicious network configuration or device changes may not be detected promptly. With Find My disabled, the device cannot be easily located or remotely managed after loss. The lack of impact-assessment and incident criteria may delay response to a lost or stolen device. | S6: User confirmed no regular VPN / DNS or Wi-Fi security review, Find My iPhone OFF, no unknown configuration profiles, no regular Safety Check, no impact-scope procedure, secondary alert access available, and no incident-declaration criteria. | T6: Enable Find My iPhone, review VPN / DNS and Wi-Fi security settings periodically, run Safety Check regularly, maintain a list of iPhone-dependent accounts and cards, and define a clear lost-device incident trigger. | U6: F1, F5 | V6: DE-003, DE-004, DE-025, DE-033, DE-035, DE-039
A7: AST-003 | B7: =IF(A7="","",IFERROR(INDEX('Asset Register'!$B:$B,MATCH(A7,'Asset Register'!$A:$A,0)),"")) -> H-03 | C7: =IF(A7="","",IFERROR(INDEX('Asset Register'!$E:$E,MATCH(A7,'Asset Register'!$A:$A,0)),"")) -> iPad | D7: =IF(A7="","",IFERROR(INDEX('Asset Register'!$D:$D,MATCH(A7,'Asset Register'!$A:$A,0)),"")) -> Device | E7: =IF(A7="","",IFERROR(INDEX('Asset Register'!$J:$J,MATCH(A7,'Asset Register'!$A:$A,0)),"")) -> Medium | F7: Not Implemented | G7: Not Implemented | H7: N/A | I7: N/A | J7: Not Implemented | K7: =IF(COUNTA(F7:J7)=0,"",IF((COUNTIF(F7:J7,"Implemented")+COUNTIF(F7:J7,"Partial")+COUNTIF(F7:J7,"Not Implemented"))+COUNTIF(F7:J7,"??")=0,"N/A",IF((COUNTIF(F7:J7,"Implemented")+COUNTIF(F7:J7,"Partial")+COUNTIF(F7:J7,"Not Implemented"))=0,"??",IF(COUNTIF(F7:J7,"Implemented")=(COUNTIF(F7:J7,"Implemented")+COUNTIF(F7:J7,"Partial")+COUNTIF(F7:J7,"Not Implemented")),"Implemented",IF(COUNTIF(F7:J7,"Not Implemented")=(COUNTIF(F7:J7,"Implemented")+COUNTIF(F7:J7,"Partial")+COUNTIF(F7:J7,"Not Implemented")),"Not Implemented","Partial"))))) -> Not Implemented | L7: =IF(COUNTA(F7:J7)=0,"",(COUNTIF(F7:J7,"Implemented")+COUNTIF(F7:J7,"Partial")+COUNTIF(F7:J7,"Not Implemented"))) -> 3 | M7: =IF(COUNTA(F7:J7)=0,"",COUNTIF(F7:J7,"??")) -> 0 | N7: =IF(COUNTA(F7:J7)=0,"",COUNTIF(F7:J7,"Partial")+COUNTIF(F7:J7,"Not Implemented")) -> 3 | O7: CM-01: Unusual network settings (VPN / DNS profiles, unknown networks) noticed CM-02: Find My enabled; loss would be noticed quickly CM-09: Unknown profiles / outdated iPadOS noticed AE-04: Can I list what is affected if this device is lost? AE-08: Criteria for declaring loss / theft an incident | P7: CM-01: Settings checked monthly; Wi-Fi warnings not ignored CM-02: Find My ON; left-behind alerts ON CM-09: No unknown profiles; update status checked monthly AE-04: Dependency list maintained AE-08: Defined trigger (e.g., missing > 30 min -> Mark as Lost) | Q7: VPN / DNS settings, unknown Wi-Fi networks, and Wi-Fi security warnings are not reviewed regularly. Find My iPad is disabled. Configuration Profiles and iPadOS update status are not reviewed periodically. No dependency list or procedure exists for determining what data, accounts, or services would be affected if the iPad were lost. | R7: Suspicious network or device configuration changes may go unnoticed. With Find My iPad disabled, the device cannot be easily located or remotely managed after loss. The lack of impact-assessment and incident criteria may delay response. | S7: User confirmed no regular VPN / DNS or Wi-Fi review, Find My iPad OFF, no periodic Configuration Profile or iPadOS review, no impact-scope procedure, and no defined incident criteria. | T7: Enable Find My iPad, review network and configuration settings periodically, maintain a simple list of iPad-dependent data and accounts, and define a clear lost-device incident trigger. | V7: DE-026
A8: AST-004 | B8: =IF(A8="","",IFERROR(INDEX('Asset Register'!$B:$B,MATCH(A8,'Asset Register'!$A:$A,0)),"")) -> H-04 | C8: =IF(A8="","",IFERROR(INDEX('Asset Register'!$E:$E,MATCH(A8,'Asset Register'!$A:$A,0)),"")) -> eSIM profile | D8: =IF(A8="","",IFERROR(INDEX('Asset Register'!$D:$D,MATCH(A8,'Asset Register'!$A:$A,0)),"")) -> Device | E8: =IF(A8="","",IFERROR(INDEX('Asset Register'!$J:$J,MATCH(A8,'Asset Register'!$A:$A,0)),"")) -> Critical | F8: N/A | G8: N/A | H8: N/A | I8: N/A | J8: Partial | K8: =IF(COUNTA(F8:J8)=0,"",IF((COUNTIF(F8:J8,"Implemented")+COUNTIF(F8:J8,"Partial")+COUNTIF(F8:J8,"Not Implemented"))+COUNTIF(F8:J8,"??")=0,"N/A",IF((COUNTIF(F8:J8,"Implemented")+COUNTIF(F8:J8,"Partial")+COUNTIF(F8:J8,"Not Implemented"))=0,"??",IF(COUNTIF(F8:J8,"Implemented")=(COUNTIF(F8:J8,"Implemented")+COUNTIF(F8:J8,"Partial")+COUNTIF(F8:J8,"Not Implemented")),"Implemented",IF(COUNTIF(F8:J8,"Not Implemented")=(COUNTIF(F8:J8,"Implemented")+COUNTIF(F8:J8,"Partial")+COUNTIF(F8:J8,"Not Implemented")),"Not Implemented","Partial"))))) -> Partial | L8: =IF(COUNTA(F8:J8)=0,"",(COUNTIF(F8:J8,"Implemented")+COUNTIF(F8:J8,"Partial")+COUNTIF(F8:J8,"Not Implemented"))) -> 1 | M8: =IF(COUNTA(F8:J8)=0,"",COUNTIF(F8:J8,"??")) -> 0 | N8: =IF(COUNTA(F8:J8)=0,"",COUNTIF(F8:J8,"Partial")+COUNTIF(F8:J8,"Not Implemented")) -> 1 | O8: CM-09: Unexpected loss of service / eSIM change would be noticed AE-03: Loss of service correlated with password-reset emails / alerts AE-04: Can I list which accounts rely on SMS 2FA? | P8: CM-09: Loss of service treated as a possible SIM-swap signal AE-03: Known correlation patterns documented AE-04: SMS-2FA account list maintained | Q8: SIM-change and eSIM-reissue notifications are enabled. However, unexpected loss of service is not currently treated as a possible SIM-swap indicator, and there is no defined process for correlating multiple warning signs such as loss of service and password-reset emails. | R8: A SIM-swap attack may not be recognized quickly if warning signs are evaluated separately. Delayed detection could increase the chance of account takeover through SMS-based authentication or recovery. | S8: User confirmed SIM-change notifications are ON, no correlation procedure exists for SIM-swap indicators, and SMS-dependent accounts are already known. | T8: Document common SIM-swap warning signs and define a simple correlation rule, such as treating unexpected loss of service plus password-reset or login alerts as a potential security incident.
A9: AST-005 | B9: =IF(A9="","",IFERROR(INDEX('Asset Register'!$B:$B,MATCH(A9,'Asset Register'!$A:$A,0)),"")) -> H-05 | C9: =IF(A9="","",IFERROR(INDEX('Asset Register'!$E:$E,MATCH(A9,'Asset Register'!$A:$A,0)),"")) -> Home Wi-Fi network | D9: =IF(A9="","",IFERROR(INDEX('Asset Register'!$D:$D,MATCH(A9,'Asset Register'!$A:$A,0)),"")) -> Network | E9: =IF(A9="","",IFERROR(INDEX('Asset Register'!$J:$J,MATCH(A9,'Asset Register'!$A:$A,0)),"")) -> High | F9: ?? | G9: N/A | H9: N/A | I9: N/A | J9: N/A | K9: =IF(COUNTA(F9:J9)=0,"",IF((COUNTIF(F9:J9,"Implemented")+COUNTIF(F9:J9,"Partial")+COUNTIF(F9:J9,"Not Implemented"))+COUNTIF(F9:J9,"??")=0,"N/A",IF((COUNTIF(F9:J9,"Implemented")+COUNTIF(F9:J9,"Partial")+COUNTIF(F9:J9,"Not Implemented"))=0,"??",IF(COUNTIF(F9:J9,"Implemented")=(COUNTIF(F9:J9,"Implemented")+COUNTIF(F9:J9,"Partial")+COUNTIF(F9:J9,"Not Implemented")),"Implemented",IF(COUNTIF(F9:J9,"Not Implemented")=(COUNTIF(F9:J9,"Implemented")+COUNTIF(F9:J9,"Partial")+COUNTIF(F9:J9,"Not Implemented")),"Not Implemented","Partial"))))) -> ?? | L9: =IF(COUNTA(F9:J9)=0,"",(COUNTIF(F9:J9,"Implemented")+COUNTIF(F9:J9,"Partial")+COUNTIF(F9:J9,"Not Implemented"))) -> 0 | M9: =IF(COUNTA(F9:J9)=0,"",COUNTIF(F9:J9,"??")) -> 1 | N9: =IF(COUNTA(F9:J9)=0,"",COUNTIF(F9:J9,"Partial")+COUNTIF(F9:J9,"Not Implemented")) -> 0 | O9: CM-01: Visibility of devices connected to the home network | P9: CM-01: Able to list connected devices, or documented as unmonitored (accepted risk) | Q9: Connected-device visibility has not been verified, and unknown devices are not reviewed regularly. | R9: Unauthorized or unfamiliar devices may remain connected without being noticed. | S9: User confirmed connected-device visibility is unverified and there is no regular review of connected devices. | T9: Determine whether connected devices can be viewed through the router or provider app and review the device list periodically if available. | U9: F5 | V9: DE-001
A10: AST-006 | B10: =IF(A10="","",IFERROR(INDEX('Asset Register'!$B:$B,MATCH(A10,'Asset Register'!$A:$A,0)),"")) -> A-F01 | C10: =IF(A10="","",IFERROR(INDEX('Asset Register'!$E:$E,MATCH(A10,'Asset Register'!$A:$A,0)),"")) -> Primary US bank | D10: =IF(A10="","",IFERROR(INDEX('Asset Register'!$D:$D,MATCH(A10,'Asset Register'!$A:$A,0)),"")) -> Financial | E10: =IF(A10="","",IFERROR(INDEX('Asset Register'!$J:$J,MATCH(A10,'Asset Register'!$A:$A,0)),"")) -> Critical | F10: N/A | G10: N/A | H10: Not Implemented | I10: Partial | J10: N/A | K10: =IF(COUNTA(F10:J10)=0,"",IF((COUNTIF(F10:J10,"Implemented")+COUNTIF(F10:J10,"Partial")+COUNTIF(F10:J10,"Not Implemented"))+COUNTIF(F10:J10,"??")=0,"N/A",IF((COUNTIF(F10:J10,"Implemented")+COUNTIF(F10:J10,"Partial")+COUNTIF(F10:J10,"Not Implemented"))=0,"??",IF(COUNTIF(F10:J10,"Implemented")=(COUNTIF(F10:J10,"Implemented")+COUNTIF(F10:J10,"Partial")+COUNTIF(F10:J10,"Not Implemented")),"Implemented",IF(COUNTIF(F10:J10,"Not Implemented")=(COUNTIF(F10:J10,"Implemented")+COUNTIF(F10:J10,"Partial")+COUNTIF(F10:J10,"Not Implemented")),"Not Implemented","Partial"))))) -> Partial | L10: =IF(COUNTA(F10:J10)=0,"",(COUNTIF(F10:J10,"Implemented")+COUNTIF(F10:J10,"Partial")+COUNTIF(F10:J10,"Not Implemented"))) -> 2 | M10: =IF(COUNTA(F10:J10)=0,"",COUNTIF(F10:J10,"??")) -> 0 | N10: =IF(COUNTA(F10:J10)=0,"",COUNTIF(F10:J10,"Partial")+COUNTIF(F10:J10,"Not Implemented")) -> 2 | O10: CM-03: Login / new-device alerts enabled CM-06: Bank transaction and login alerts configured AE-02: Process to verify a suspicious transaction or "bank" call AE-08: Criteria for reporting suspected fraud to the bank | P10: CM-03: Login alerts ON CM-06: Real-time alerts for all transactions and logins AE-02: Always call back via number on card / official app AE-08: Defined trigger and contact method documented | Q10: Transaction alerts are enabled, but login alerts are disabled. A clear process exists for when to contact the bank about suspected fraud or unauthorized activity. | R10: Unauthorized account access may not be detected quickly if login alerts are disabled. | S10: User confirmed transaction alerts are ON, login alerts are OFF, and a fraud-reporting process is defined. | T10: Enable login alerts if the bank supports them and keep transaction alerts enabled | V10: DE-016, DE-030, DE-040 | W10: [DE-030] Text says a clear fraud-reporting process exists -> AE-02 looks Implemented (AE-08 likely too). Transaction alerts ON / login alerts OFF belongs to CM-06 (transaction and login alerts) -> suggested Partial.
A11: AST-007 | B11: =IF(A11="","",IFERROR(INDEX('Asset Register'!$B:$B,MATCH(A11,'Asset Register'!$A:$A,0)),"")) -> A-F02 | C11: =IF(A11="","",IFERROR(INDEX('Asset Register'!$E:$E,MATCH(A11,'Asset Register'!$A:$A,0)),"")) -> International transfer service | D11: =IF(A11="","",IFERROR(INDEX('Asset Register'!$D:$D,MATCH(A11,'Asset Register'!$A:$A,0)),"")) -> Financial | E11: =IF(A11="","",IFERROR(INDEX('Asset Register'!$J:$J,MATCH(A11,'Asset Register'!$A:$A,0)),"")) -> Critical | F11: N/A | G11: N/A | H11: Implemented | I11: Implemented | J11: N/A | K11: =IF(COUNTA(F11:J11)=0,"",IF((COUNTIF(F11:J11,"Implemented")+COUNTIF(F11:J11,"Partial")+COUNTIF(F11:J11,"Not Implemented"))+COUNTIF(F11:J11,"??")=0,"N/A",IF((COUNTIF(F11:J11,"Implemented")+COUNTIF(F11:J11,"Partial")+COUNTIF(F11:J11,"Not Implemented"))=0,"??",IF(COUNTIF(F11:J11,"Implemented")=(COUNTIF(F11:J11,"Implemented")+COUNTIF(F11:J11,"Partial")+COUNTIF(F11:J11,"Not Implemented")),"Implemented",IF(COUNTIF(F11:J11,"Not Implemented")=(COUNTIF(F11:J11,"Implemented")+COUNTIF(F11:J11,"Partial")+COUNTIF(F11:J11,"Not Implemented")),"Not Implemented","Partial"))))) -> Implemented | L11: =IF(COUNTA(F11:J11)=0,"",(COUNTIF(F11:J11,"Implemented")+COUNTIF(F11:J11,"Partial")+COUNTIF(F11:J11,"Not Implemented"))) -> 2 | M11: =IF(COUNTA(F11:J11)=0,"",COUNTIF(F11:J11,"??")) -> 0 | N11: =IF(COUNTA(F11:J11)=0,"",COUNTIF(F11:J11,"Partial")+COUNTIF(F11:J11,"Not Implemented")) -> 0 | O11: CM-03: Login / new-device alerts enabled CM-06: International transfer / recipient-change notifications AE-02: Process to verify a suspicious transaction or contact AE-08: Criteria for reporting suspected fraud | P11: CM-03: Login alerts ON CM-06: Alerts for every transfer and recipient change AE-02: Always call back via official number / app AE-08: Defined trigger and contact method documented | Q11: Login and new-device alerts are enabled. Transfer alerts and new-recipient or recipient-change alerts are also enabled. Suspicious messages are verified through official channels, and a response process exists for suspected unauthorized transfers. | R11: Detection controls are generally strong, but account compromise could still occur more easily because MFA is not enabled. | S11: User confirmed login alerts ON, transfer alerts ON, recipient-change alerts ON, an official-channel verification process, and a suspicious-transfer response procedure. | T11: Keep all alerts enabled and add MFA to reduce the chance of unauthorized access before a suspicious transfer occurs. | V11: DE-017
A12: AST-008 | B12: =IF(A12="","",IFERROR(INDEX('Asset Register'!$B:$B,MATCH(A12,'Asset Register'!$A:$A,0)),"")) -> A-F03 | C12: =IF(A12="","",IFERROR(INDEX('Asset Register'!$E:$E,MATCH(A12,'Asset Register'!$A:$A,0)),"")) -> Credit card portal (x1) | D12: =IF(A12="","",IFERROR(INDEX('Asset Register'!$D:$D,MATCH(A12,'Asset Register'!$A:$A,0)),"")) -> Financial | E12: =IF(A12="","",IFERROR(INDEX('Asset Register'!$J:$J,MATCH(A12,'Asset Register'!$A:$A,0)),"")) -> Critical | F12: N/A | G12: N/A | H12: Implemented | I12: Implemented | J12: N/A | K12: =IF(COUNTA(F12:J12)=0,"",IF((COUNTIF(F12:J12,"Implemented")+COUNTIF(F12:J12,"Partial")+COUNTIF(F12:J12,"Not Implemented"))+COUNTIF(F12:J12,"??")=0,"N/A",IF((COUNTIF(F12:J12,"Implemented")+COUNTIF(F12:J12,"Partial")+COUNTIF(F12:J12,"Not Implemented"))=0,"??",IF(COUNTIF(F12:J12,"Implemented")=(COUNTIF(F12:J12,"Implemented")+COUNTIF(F12:J12,"Partial")+COUNTIF(F12:J12,"Not Implemented")),"Implemented",IF(COUNTIF(F12:J12,"Not Implemented")=(COUNTIF(F12:J12,"Implemented")+COUNTIF(F12:J12,"Partial")+COUNTIF(F12:J12,"Not Implemented")),"Not Implemented","Partial"))))) -> Implemented | L12: =IF(COUNTA(F12:J12)=0,"",(COUNTIF(F12:J12,"Implemented")+COUNTIF(F12:J12,"Partial")+COUNTIF(F12:J12,"Not Implemented"))) -> 2 | M12: =IF(COUNTA(F12:J12)=0,"",COUNTIF(F12:J12,"??")) -> 0 | N12: =IF(COUNTA(F12:J12)=0,"",COUNTIF(F12:J12,"Partial")+COUNTIF(F12:J12,"Not Implemented")) -> 0 | O12: CM-03: Login / new-device alerts enabled CM-06: Credit card transaction alerts configured AE-02: Process to verify a suspicious transaction or contact AE-08: Criteria for reporting suspected fraud | P12: CM-03: Login alerts ON CM-06: Real-time alerts for every charge AE-02: Always call back via official number / app AE-08: Defined trigger and contact method documented | Q12: Login alerts and credit card transaction alerts are enabled. Suspicious transactions or messages are verified through the official app or official contact number rather than through links contained in emails or text messages. A process exists for responding to suspected fraudulent charges. | R12: Detection controls are currently well established. The main remaining risk is delayed response if fraud-reporting criteria or contact information become outdated. | S12: User confirmed login alerts ON, transaction alerts ON, official-channel verification for suspicious communications, and an existing suspicious-charge response process. | T12: Keep login and transaction alerts enabled and periodically verify the fraud-reporting contact method and response procedure. | V12: DE-018
A13: AST-009 | B13: =IF(A13="","",IFERROR(INDEX('Asset Register'!$B:$B,MATCH(A13,'Asset Register'!$A:$A,0)),"")) -> A-F04 | C13: =IF(A13="","",IFERROR(INDEX('Asset Register'!$E:$E,MATCH(A13,'Asset Register'!$A:$A,0)),"")) -> Debit card portals (x4) | D13: =IF(A13="","",IFERROR(INDEX('Asset Register'!$D:$D,MATCH(A13,'Asset Register'!$A:$A,0)),"")) -> Financial | E13: =IF(A13="","",IFERROR(INDEX('Asset Register'!$J:$J,MATCH(A13,'Asset Register'!$A:$A,0)),"")) -> High | F13: N/A | G13: N/A | H13: Implemented | I13: Implemented | J13: N/A | K13: =IF(COUNTA(F13:J13)=0,"",IF((COUNTIF(F13:J13,"Implemented")+COUNTIF(F13:J13,"Partial")+COUNTIF(F13:J13,"Not Implemented"))+COUNTIF(F13:J13,"??")=0,"N/A",IF((COUNTIF(F13:J13,"Implemented")+COUNTIF(F13:J13,"Partial")+COUNTIF(F13:J13,"Not Implemented"))=0,"??",IF(COUNTIF(F13:J13,"Implemented")=(COUNTIF(F13:J13,"Implemented")+COUNTIF(F13:J13,"Partial")+COUNTIF(F13:J13,"Not Implemented")),"Implemented",IF(COUNTIF(F13:J13,"Not Implemented")=(COUNTIF(F13:J13,"Implemented")+COUNTIF(F13:J13,"Partial")+COUNTIF(F13:J13,"Not Implemented")),"Not Implemented","Partial"))))) -> Implemented | L13: =IF(COUNTA(F13:J13)=0,"",(COUNTIF(F13:J13,"Implemented")+COUNTIF(F13:J13,"Partial")+COUNTIF(F13:J13,"Not Implemented"))) -> 2 | M13: =IF(COUNTA(F13:J13)=0,"",COUNTIF(F13:J13,"??")) -> 0 | N13: =IF(COUNTA(F13:J13)=0,"",COUNTIF(F13:J13,"Partial")+COUNTIF(F13:J13,"Not Implemented")) -> 0 | O13: CM-03: Login / new-device alerts enabled CM-06: Debit card transaction alerts (all 4 cards) AE-02: Process to verify a suspicious transaction or contact AE-08: Criteria for reporting suspected fraud | P13: CM-03: Login alerts ON CM-06: Real-time alerts on every debit card AE-02: Always call back via official number / app AE-08: Defined trigger and contact method documented | Q13: Login alerts and credit card transaction alerts are enabled. Suspicious transactions or messages are verified through the official app or official contact number rather than through links contained in emails or text messages. A process exists for responding to suspected fraudulent charges. | R13: Detection controls are currently well established. The main remaining risk is delayed response if fraud-reporting criteria or contact information become outdated. | S13: User confirmed login alerts ON, transaction alerts ON, official-channel verification for suspicious communications, and an existing suspicious-charge response process. | T13: Keep login and transaction alerts enabled and periodically verify the fraud-reporting contact method and response procedure. | V13: DE-019
A14: AST-010 | B14: =IF(A14="","",IFERROR(INDEX('Asset Register'!$B:$B,MATCH(A14,'Asset Register'!$A:$A,0)),"")) -> A-F05 | C14: =IF(A14="","",IFERROR(INDEX('Asset Register'!$E:$E,MATCH(A14,'Asset Register'!$A:$A,0)),"")) -> Apple Pay | D14: =IF(A14="","",IFERROR(INDEX('Asset Register'!$D:$D,MATCH(A14,'Asset Register'!$A:$A,0)),"")) -> Financial | E14: =IF(A14="","",IFERROR(INDEX('Asset Register'!$J:$J,MATCH(A14,'Asset Register'!$A:$A,0)),"")) -> Critical | F14: N/A | G14: N/A | H14: Implemented | I14: Implemented | J14: N/A | K14: =IF(COUNTA(F14:J14)=0,"",IF((COUNTIF(F14:J14,"Implemented")+COUNTIF(F14:J14,"Partial")+COUNTIF(F14:J14,"Not Implemented"))+COUNTIF(F14:J14,"??")=0,"N/A",IF((COUNTIF(F14:J14,"Implemented")+COUNTIF(F14:J14,"Partial")+COUNTIF(F14:J14,"Not Implemented"))=0,"??",IF(COUNTIF(F14:J14,"Implemented")=(COUNTIF(F14:J14,"Implemented")+COUNTIF(F14:J14,"Partial")+COUNTIF(F14:J14,"Not Implemented")),"Implemented",IF(COUNTIF(F14:J14,"Not Implemented")=(COUNTIF(F14:J14,"Implemented")+COUNTIF(F14:J14,"Partial")+COUNTIF(F14:J14,"Not Implemented")),"Not Implemented","Partial"))))) -> Implemented | L14: =IF(COUNTA(F14:J14)=0,"",(COUNTIF(F14:J14,"Implemented")+COUNTIF(F14:J14,"Partial")+COUNTIF(F14:J14,"Not Implemented"))) -> 2 | M14: =IF(COUNTA(F14:J14)=0,"",COUNTIF(F14:J14,"??")) -> 0 | N14: =IF(COUNTA(F14:J14)=0,"",COUNTIF(F14:J14,"Partial")+COUNTIF(F14:J14,"Not Implemented")) -> 0 | O14: CM-06: Apple Pay / Wallet transaction notifications | P14: CM-06: Wallet notifications ON for all cards | Q14: Apple Pay / Wallet transaction notifications are enabled for registered cards. | R14: Current transaction notifications support timely detection of unauthorized or unexpected payments. | S14: User confirmed Apple Pay / Wallet transaction notifications are ON. | T14: Keep Wallet transaction notifications enabled and review any unexpected payment immediately | U14: F1 | V14: DE-020
A15: AST-011 | B15: =IF(A15="","",IFERROR(INDEX('Asset Register'!$B:$B,MATCH(A15,'Asset Register'!$A:$A,0)),"")) -> A-F06 | C15: =IF(A15="","",IFERROR(INDEX('Asset Register'!$E:$E,MATCH(A15,'Asset Register'!$A:$A,0)),"")) -> P2P payment app | D15: =IF(A15="","",IFERROR(INDEX('Asset Register'!$D:$D,MATCH(A15,'Asset Register'!$A:$A,0)),"")) -> Financial | E15: =IF(A15="","",IFERROR(INDEX('Asset Register'!$J:$J,MATCH(A15,'Asset Register'!$A:$A,0)),"")) -> High | F15: N/A | G15: N/A | H15: Implemented | I15: Implemented | J15: N/A | K15: =IF(COUNTA(F15:J15)=0,"",IF((COUNTIF(F15:J15,"Implemented")+COUNTIF(F15:J15,"Partial")+COUNTIF(F15:J15,"Not Implemented"))+COUNTIF(F15:J15,"??")=0,"N/A",IF((COUNTIF(F15:J15,"Implemented")+COUNTIF(F15:J15,"Partial")+COUNTIF(F15:J15,"Not Implemented"))=0,"??",IF(COUNTIF(F15:J15,"Implemented")=(COUNTIF(F15:J15,"Implemented")+COUNTIF(F15:J15,"Partial")+COUNTIF(F15:J15,"Not Implemented")),"Implemented",IF(COUNTIF(F15:J15,"Not Implemented")=(COUNTIF(F15:J15,"Implemented")+COUNTIF(F15:J15,"Partial")+COUNTIF(F15:J15,"Not Implemented")),"Not Implemented","Partial"))))) -> Implemented | L15: =IF(COUNTA(F15:J15)=0,"",(COUNTIF(F15:J15,"Implemented")+COUNTIF(F15:J15,"Partial")+COUNTIF(F15:J15,"Not Implemented"))) -> 2 | M15: =IF(COUNTA(F15:J15)=0,"",COUNTIF(F15:J15,"??")) -> 0 | N15: =IF(COUNTA(F15:J15)=0,"",COUNTIF(F15:J15,"Partial")+COUNTIF(F15:J15,"Not Implemented")) -> 0 | O15: CM-03: Login / new-device alerts enabled CM-06: P2P payment app notifications for sends / receives / linked-bank changes AE-02: Process to verify a suspicious transaction or contact AE-08: Criteria for reporting suspected fraud | P15: CM-03: Login alerts ON CM-06: All payment and account-change notifications ON AE-02: Always call back via official number / app AE-08: Defined trigger and contact method documented | Q15: Login and new-device alerts are enabled. Payment, receipt, and linked-bank change notifications are enabled. Suspicious payment requests or communications are verified through official channels. | R15: Suspicious activity may be detected, but response could be delayed because no clear fraud-response procedure has been defined. | S15: User confirmed that login and new-device alerts are ON, payment and linked-bank change notifications are ON, suspicious communications are verified through official channels, and no defined fraud-response procedure currently exists. | T15: Document a simple response procedure for suspected fraud, including freezing or securing the account, contacting the payment provider, checking linked bank accounts, and changing compromised credentials | V15: DE-021
A16: AST-012 | B16: =IF(A16="","",IFERROR(INDEX('Asset Register'!$B:$B,MATCH(A16,'Asset Register'!$A:$A,0)),"")) -> A-F07 | C16: =IF(A16="","",IFERROR(INDEX('Asset Register'!$E:$E,MATCH(A16,'Asset Register'!$A:$A,0)),"")) -> Bank-integrated transfer service | D16: =IF(A16="","",IFERROR(INDEX('Asset Register'!$D:$D,MATCH(A16,'Asset Register'!$A:$A,0)),"")) -> Financial | E16: =IF(A16="","",IFERROR(INDEX('Asset Register'!$J:$J,MATCH(A16,'Asset Register'!$A:$A,0)),"")) -> High | F16: N/A | G16: N/A | H16: Implemented | I16: Implemented | J16: N/A | K16: =IF(COUNTA(F16:J16)=0,"",IF((COUNTIF(F16:J16,"Implemented")+COUNTIF(F16:J16,"Partial")+COUNTIF(F16:J16,"Not Implemented"))+COUNTIF(F16:J16,"??")=0,"N/A",IF((COUNTIF(F16:J16,"Implemented")+COUNTIF(F16:J16,"Partial")+COUNTIF(F16:J16,"Not Implemented"))=0,"??",IF(COUNTIF(F16:J16,"Implemented")=(COUNTIF(F16:J16,"Implemented")+COUNTIF(F16:J16,"Partial")+COUNTIF(F16:J16,"Not Implemented")),"Implemented",IF(COUNTIF(F16:J16,"Not Implemented")=(COUNTIF(F16:J16,"Implemented")+COUNTIF(F16:J16,"Partial")+COUNTIF(F16:J16,"Not Implemented")),"Not Implemented","Partial"))))) -> Implemented | L16: =IF(COUNTA(F16:J16)=0,"",(COUNTIF(F16:J16,"Implemented")+COUNTIF(F16:J16,"Partial")+COUNTIF(F16:J16,"Not Implemented"))) -> 2 | M16: =IF(COUNTA(F16:J16)=0,"",COUNTIF(F16:J16,"??")) -> 0 | N16: =IF(COUNTA(F16:J16)=0,"",COUNTIF(F16:J16,"Partial")+COUNTIF(F16:J16,"Not Implemented")) -> 0 | O16: CM-03: Login / new-device alerts enabled CM-06: Transaction and account-change alerts configured AE-02: Process to verify a suspicious transaction or contact AE-08: Criteria for reporting suspected fraud | P16: CM-03: Login alerts ON CM-06: Real-time alerts for every transaction and account change AE-02: Always call back via official number / app AE-08: Defined trigger and contact method documented | Q16: Login and new-device alerts are enabled. Transaction and account-change notifications are also enabled. Suspicious transactions or communications are verified through official channels, and a defined response procedure exists for suspected unauthorized transfers. | R16: Detection and response controls are currently well established. Remaining risk mainly depends on keeping alert settings and the response procedure current. | S16: User confirmed login and new-device alerts are ON, transaction and account-change notifications are ON, suspicious communications are verified through official channels, and a defined fraud-response procedure exists. | T16: Keep all alerts enabled, periodically verify the response procedure, and review any unexpected transaction or account change immediately.
A17: AST-013 | B17: =IF(A17="","",IFERROR(INDEX('Asset Register'!$B:$B,MATCH(A17,'Asset Register'!$A:$A,0)),"")) -> A-I01 | C17: =IF(A17="","",IFERROR(INDEX('Asset Register'!$E:$E,MATCH(A17,'Asset Register'!$A:$A,0)),"")) -> Gmail (primary) | D17: =IF(A17="","",IFERROR(INDEX('Asset Register'!$D:$D,MATCH(A17,'Asset Register'!$A:$A,0)),"")) -> Identity & Email | E17: =IF(A17="","",IFERROR(INDEX('Asset Register'!$J:$J,MATCH(A17,'Asset Register'!$A:$A,0)),"")) -> Critical | F17: N/A | G17: N/A | H17: Partial | I17: N/A | J17: N/A | K17: =IF(COUNTA(F17:J17)=0,"",IF((COUNTIF(F17:J17,"Implemented")+COUNTIF(F17:J17,"Partial")+COUNTIF(F17:J17,"Not Implemented"))+COUNTIF(F17:J17,"??")=0,"N/A",IF((COUNTIF(F17:J17,"Implemented")+COUNTIF(F17:J17,"Partial")+COUNTIF(F17:J17,"Not Implemented"))=0,"??",IF(COUNTIF(F17:J17,"Implemented")=(COUNTIF(F17:J17,"Implemented")+COUNTIF(F17:J17,"Partial")+COUNTIF(F17:J17,"Not Implemented")),"Implemented",IF(COUNTIF(F17:J17,"Not Implemented")=(COUNTIF(F17:J17,"Implemented")+COUNTIF(F17:J17,"Partial")+COUNTIF(F17:J17,"Not Implemented")),"Not Implemented","Partial"))))) -> Partial | L17: =IF(COUNTA(F17:J17)=0,"",(COUNTIF(F17:J17,"Implemented")+COUNTIF(F17:J17,"Partial")+COUNTIF(F17:J17,"Not Implemented"))) -> 1 | M17: =IF(COUNTA(F17:J17)=0,"",COUNTIF(F17:J17,"??")) -> 0 | N17: =IF(COUNTA(F17:J17)=0,"",COUNTIF(F17:J17,"Partial")+COUNTIF(F17:J17,"Not Implemented")) -> 1 | O17: CM-03: Gmail forwarding rules, filters, and delegated access checked AE-02: Process to verify suspicious emails / alerts before acting AE-07: Breach monitoring for email addresses (HIBP / password manager breach report) AE-08: Criteria for treating unexpected sign-in / password change as account takeover | P17: CM-03: No unknown forwarding / filters; checked monthly AE-02: Written triage checklist (verify via official app, never via link) AE-07: Breach notifications subscribed for all addresses AE-08: Defined trigger and recovery steps documented | Q17: Gmail forwarding rules, filters, and delegated access were reviewed and no suspicious settings were identified. However, there is no defined process for verifying suspicious emails, and security-alert emails are not reviewed regularly. | R17: Suspicious emails or security events may not be identified or verified quickly, increasing the risk of phishing or delayed response to account compromise. | S17: User confirmed no suspicious forwarding, filters, or delegated access, but no standard suspicious-email verification process and no regular security-alert review habit. | T17: Create a simple suspicious-email verification process and review security alerts regularly. | V17: DE-010, DE-029, DE-037 | W17: [DE-010] Forwarding / filters / delegation reviewed with no issues fits CM-03. The missing suspicious-email process belongs to AE-02 (suggested: Not Implemented).
A18: AST-014 | B18: =IF(A18="","",IFERROR(INDEX('Asset Register'!$B:$B,MATCH(A18,'Asset Register'!$A:$A,0)),"")) -> A-I02 | C18: =IF(A18="","",IFERROR(INDEX('Asset Register'!$E:$E,MATCH(A18,'Asset Register'!$A:$A,0)),"")) -> Gmail (secondary) | D18: =IF(A18="","",IFERROR(INDEX('Asset Register'!$D:$D,MATCH(A18,'Asset Register'!$A:$A,0)),"")) -> Identity & Email | E18: =IF(A18="","",IFERROR(INDEX('Asset Register'!$J:$J,MATCH(A18,'Asset Register'!$A:$A,0)),"")) -> High | F18: N/A | G18: N/A | H18: Partial | I18: N/A | J18: N/A | K18: =IF(COUNTA(F18:J18)=0,"",IF((COUNTIF(F18:J18,"Implemented")+COUNTIF(F18:J18,"Partial")+COUNTIF(F18:J18,"Not Implemented"))+COUNTIF(F18:J18,"??")=0,"N/A",IF((COUNTIF(F18:J18,"Implemented")+COUNTIF(F18:J18,"Partial")+COUNTIF(F18:J18,"Not Implemented"))=0,"??",IF(COUNTIF(F18:J18,"Implemented")=(COUNTIF(F18:J18,"Implemented")+COUNTIF(F18:J18,"Partial")+COUNTIF(F18:J18,"Not Implemented")),"Implemented",IF(COUNTIF(F18:J18,"Not Implemented")=(COUNTIF(F18:J18,"Implemented")+COUNTIF(F18:J18,"Partial")+COUNTIF(F18:J18,"Not Implemented")),"Not Implemented","Partial"))))) -> Partial | L18: =IF(COUNTA(F18:J18)=0,"",(COUNTIF(F18:J18,"Implemented")+COUNTIF(F18:J18,"Partial")+COUNTIF(F18:J18,"Not Implemented"))) -> 1 | M18: =IF(COUNTA(F18:J18)=0,"",COUNTIF(F18:J18,"??")) -> 0 | N18: =IF(COUNTA(F18:J18)=0,"",COUNTIF(F18:J18,"Partial")+COUNTIF(F18:J18,"Not Implemented")) -> 1 | O18: CM-03: Sign-in activity on the secondary (dormant) Gmail monitored AE-02: Process to verify suspicious emails / alerts before acting AE-07: Breach monitoring for this address (password manager / HIBP) AE-08: Criteria for treating unexpected sign-in / password change as account takeover | P18: CM-03: Recovery set to primary; activity checked or account retired AE-02: Verify via official app, never via link AE-07: Breach notifications subscribed AE-08: Defined trigger and recovery steps documented | Q18: Gmail forwarding rules, filters, and delegated access were reviewed and no suspicious settings were identified. However, there is no defined process for verifying suspicious emails, and security-alert emails are not reviewed regularly. | R18: Suspicious emails or security events may not be identified or verified quickly, increasing the risk of phishing or delayed response to account compromise. | S18: User confirmed no suspicious forwarding, filters, or delegated access, but no standard suspicious-email verification process and no regular security-alert review habit. | T18: Create a simple suspicious-email verification process and review security alerts regularly. | V18: DE-011
A19: AST-015 | B19: =IF(A19="","",IFERROR(INDEX('Asset Register'!$B:$B,MATCH(A19,'Asset Register'!$A:$A,0)),"")) -> A-I03 | C19: =IF(A19="","",IFERROR(INDEX('Asset Register'!$E:$E,MATCH(A19,'Asset Register'!$A:$A,0)),"")) -> College email | D19: =IF(A19="","",IFERROR(INDEX('Asset Register'!$D:$D,MATCH(A19,'Asset Register'!$A:$A,0)),"")) -> Identity & Email | E19: =IF(A19="","",IFERROR(INDEX('Asset Register'!$J:$J,MATCH(A19,'Asset Register'!$A:$A,0)),"")) -> High | F19: N/A | G19: N/A | H19: Partial | I19: N/A | J19: N/A | K19: =IF(COUNTA(F19:J19)=0,"",IF((COUNTIF(F19:J19,"Implemented")+COUNTIF(F19:J19,"Partial")+COUNTIF(F19:J19,"Not Implemented"))+COUNTIF(F19:J19,"??")=0,"N/A",IF((COUNTIF(F19:J19,"Implemented")+COUNTIF(F19:J19,"Partial")+COUNTIF(F19:J19,"Not Implemented"))=0,"??",IF(COUNTIF(F19:J19,"Implemented")=(COUNTIF(F19:J19,"Implemented")+COUNTIF(F19:J19,"Partial")+COUNTIF(F19:J19,"Not Implemented")),"Implemented",IF(COUNTIF(F19:J19,"Not Implemented")=(COUNTIF(F19:J19,"Implemented")+COUNTIF(F19:J19,"Partial")+COUNTIF(F19:J19,"Not Implemented")),"Not Implemented","Partial"))))) -> Partial | L19: =IF(COUNTA(F19:J19)=0,"",(COUNTIF(F19:J19,"Implemented")+COUNTIF(F19:J19,"Partial")+COUNTIF(F19:J19,"Not Implemented"))) -> 1 | M19: =IF(COUNTA(F19:J19)=0,"",COUNTIF(F19:J19,"??")) -> 0 | N19: =IF(COUNTA(F19:J19)=0,"",COUNTIF(F19:J19,"Partial")+COUNTIF(F19:J19,"Not Implemented")) -> 1 | O19: CM-03: Login / new-device alerts enabled and recent security activity reviewed AE-02: Process to verify suspicious emails / alerts before acting AE-06: College IT security notices are received and read AE-07: Breach monitoring for this address (password manager / HIBP) AE-08: Criteria for treating unexpected sign-in / password change as account takeover | P19: CM-03: Alerts reviewed; security checkup quarterly AE-02: Verify via official app, never via link AE-06: Institution notices filtered to a watched label AE-07: Breach notifications subscribed AE-08: Defined trigger and recovery steps documented | Q19: Suspicious emails are verified through official college or IT channels rather than links in the message. Login and new-device alert review is unverified. College IT security notices are not regularly reviewed. | R19: Security events or institution-issued warnings may not be noticed quickly. Unverified breach monitoring may also delay awareness of exposed credentials. | S19: User confirmed official-channel verification for suspicious emails and a defined account-takeover criterion. Login activity review and breach monitoring remain unverified. College IT security notices are not regularly reviewed. | T19: Review recent login activity and security alerts regularly, monitor college IT security notices, verify breach monitoring, and maintain the existing account-takeover response procedure | V19: DE-036
A20: AST-016 | B20: =IF(A20="","",IFERROR(INDEX('Asset Register'!$B:$B,MATCH(A20,'Asset Register'!$A:$A,0)),"")) -> A-I04 | C20: =IF(A20="","",IFERROR(INDEX('Asset Register'!$E:$E,MATCH(A20,'Asset Register'!$A:$A,0)),"")) -> Outlook account | D20: =IF(A20="","",IFERROR(INDEX('Asset Register'!$D:$D,MATCH(A20,'Asset Register'!$A:$A,0)),"")) -> Identity & Email | E20: =IF(A20="","",IFERROR(INDEX('Asset Register'!$J:$J,MATCH(A20,'Asset Register'!$A:$A,0)),"")) -> Medium | F20: N/A | G20: N/A | H20: Not Implemented | I20: N/A | J20: N/A | K20: =IF(COUNTA(F20:J20)=0,"",IF((COUNTIF(F20:J20,"Implemented")+COUNTIF(F20:J20,"Partial")+COUNTIF(F20:J20,"Not Implemented"))+COUNTIF(F20:J20,"??")=0,"N/A",IF((COUNTIF(F20:J20,"Implemented")+COUNTIF(F20:J20,"Partial")+COUNTIF(F20:J20,"Not Implemented"))=0,"??",IF(COUNTIF(F20:J20,"Implemented")=(COUNTIF(F20:J20,"Implemented")+COUNTIF(F20:J20,"Partial")+COUNTIF(F20:J20,"Not Implemented")),"Implemented",IF(COUNTIF(F20:J20,"Not Implemented")=(COUNTIF(F20:J20,"Implemented")+COUNTIF(F20:J20,"Partial")+COUNTIF(F20:J20,"Not Implemented")),"Not Implemented","Partial"))))) -> Not Implemented | L20: =IF(COUNTA(F20:J20)=0,"",(COUNTIF(F20:J20,"Implemented")+COUNTIF(F20:J20,"Partial")+COUNTIF(F20:J20,"Not Implemented"))) -> 1 | M20: =IF(COUNTA(F20:J20)=0,"",COUNTIF(F20:J20,"??")) -> 0 | N20: =IF(COUNTA(F20:J20)=0,"",COUNTIF(F20:J20,"Partial")+COUNTIF(F20:J20,"Not Implemented")) -> 1 | O20: CM-03: Login / new-device alerts enabled and recent security activity reviewed AE-02: Process to verify suspicious emails / alerts before acting AE-07: Breach monitoring for this address (password manager / HIBP) AE-08: Criteria for treating unexpected sign-in / password change as account takeover | P20: CM-03: Alerts reviewed; security checkup quarterly AE-02: Verify via official app, never via link AE-07: Breach notifications subscribed AE-08: Defined trigger and recovery steps documented | Q20: Login, new-device alerts, and recent security activity are not regularly reviewed. Breach monitoring for the Outlook email address is not currently performed. | R20: Unauthorized access or exposed credentials may not be detected quickly because account activity and breach exposure are not regularly monitored. | S20: User confirmed that login and security activity are not regularly reviewed, breach monitoring is not performed, and unexpected sign-ins or password changes are treated as potential account takeover. | T20: Review Microsoft account security activity periodically, enable or verify relevant login alerts, and use breach monitoring for the Outlook address.
A21: AST-017 | B21: =IF(A21="","",IFERROR(INDEX('Asset Register'!$B:$B,MATCH(A21,'Asset Register'!$A:$A,0)),"")) -> A-I05 | C21: =IF(A21="","",IFERROR(INDEX('Asset Register'!$E:$E,MATCH(A21,'Asset Register'!$A:$A,0)),"")) -> Apple ID | D21: =IF(A21="","",IFERROR(INDEX('Asset Register'!$D:$D,MATCH(A21,'Asset Register'!$A:$A,0)),"")) -> Identity & Email | E21: =IF(A21="","",IFERROR(INDEX('Asset Register'!$J:$J,MATCH(A21,'Asset Register'!$A:$A,0)),"")) -> Critical | F21: N/A | G21: N/A | H21: Implemented | I21: N/A | J21: N/A | K21: =IF(COUNTA(F21:J21)=0,"",IF((COUNTIF(F21:J21,"Implemented")+COUNTIF(F21:J21,"Partial")+COUNTIF(F21:J21,"Not Implemented"))+COUNTIF(F21:J21,"??")=0,"N/A",IF((COUNTIF(F21:J21,"Implemented")+COUNTIF(F21:J21,"Partial")+COUNTIF(F21:J21,"Not Implemented"))=0,"??",IF(COUNTIF(F21:J21,"Implemented")=(COUNTIF(F21:J21,"Implemented")+COUNTIF(F21:J21,"Partial")+COUNTIF(F21:J21,"Not Implemented")),"Implemented",IF(COUNTIF(F21:J21,"Not Implemented")=(COUNTIF(F21:J21,"Implemented")+COUNTIF(F21:J21,"Partial")+COUNTIF(F21:J21,"Not Implemented")),"Not Implemented","Partial"))))) -> Implemented | L21: =IF(COUNTA(F21:J21)=0,"",(COUNTIF(F21:J21,"Implemented")+COUNTIF(F21:J21,"Partial")+COUNTIF(F21:J21,"Not Implemented"))) -> 1 | M21: =IF(COUNTA(F21:J21)=0,"",COUNTIF(F21:J21,"??")) -> 0 | N21: =IF(COUNTA(F21:J21)=0,"",COUNTIF(F21:J21,"Partial")+COUNTIF(F21:J21,"Not Implemented")) -> 0 | O21: CM-03: Apple ID sign-in notifications and trusted device list checked AE-02: Process to verify suspicious emails / alerts before acting AE-03: Correlating Apple ID alerts with device events (unexpected sign-in + Find My change) AE-07: Breach monitoring for this address (password manager / HIBP) AE-08: Criteria for treating unexpected sign-in / password change as account takeover | P21: CM-03: New-sign-in alerts reviewed; device list checked monthly AE-02: Verify via official app, never via link AE-03: Known correlation patterns documented AE-07: Breach notifications subscribed AE-08: Defined trigger and recovery steps documented | Q21: The Apple ID device list was reviewed and all signed-in devices were recognized as the user's own devices. Regular review of Apple sign-in notifications has not yet been confirmed. | R21: Unauthorized sign-ins or newly added devices may not be detected quickly if security notifications are not reviewed regularly. | S21: Device list reviewed; all devices were recognized as user-owned. Regular review of sign-in alerts has not been confirmed. | T21: Review Apple sign-in notifications and the trusted device list regularly, such as once per month. | U21: F2 | V21: DE-008, DE-032, DE-041 | W21: [DE-041] Text describes device-list review and sign-in notification review, which is CM-03 evidence (suggested: Partial). The AE-08 question (criteria for declaring takeover) is not addressed yet.
